Date,Daily_Users,New_Signups,Marketing_Spend,Revenue,Bounce_Rate,Day_of_Week,Conversion_Rate
2023-01-01,5248,187,1073.562706189867,31299.014488145072,41.83428835710106,Sunday,3.563262195121951
2023-01-02,4947,206,4657.195226241996,28662.984630597115,43.7834030521796,Monday,4.164139882757226
2023-01-03,5357,200,1471.0043315605644,29504.82261934952,53.55049631511171,Tuesday,3.7334328915437744
2023-01-04,5812,202,3306.0659020570142,31087.274462291905,56.76254066820703,Wednesday,3.4755677907777014
2023-01-05,4950,176,2096.220882748824,25862.907159049173,58.66004059511785,Thursday,3.5555555555555554
2023-01-06,4967,200,3216.7120100631737,29934.003807031237,53.60710158765885,Friday,4.02657539762432
2023-01-07,5892,214,3605.6815534074567,29663.665322291898,39.46220687244038,Saturday,3.63204344874406
2023-01-08,5503,243,4318.967214828806,30826.251918267277,50.64404118259627,Sunday,4.415773214610213
2023-01-09,4902,228,1825.6850870424128,28176.6912824713,43.128093721661756,Monday,4.651162790697675
2023-01-10,5425,264,1043.983314633922,30190.51388818273,37.640118661381536,Tuesday,4.8663594470046085
2023-01-11,4939,176,1547.542520275229,29290.065815178627,55.22614738277768,Wednesday,3.5634743875278394
2023-01-12,4955,226,4600.07456739242,33069.62911569404,31.15279046886975,Thursday,4.561049445005046
2023-01-13,5325,205,4495.560310250061,27455.38823936446,57.0528597640627,Friday,3.8497652582159625
2023-01-14,4264,265,3389.6524086812333,23947.243893172898,43.84432393874202,Saturday,6.214821763602251
2023-01-15,4375,175,3402.0674417346136,23266.525519165254,49.11604430424841,Sunday,4.0
2023-01-16,4973,174,3660.1466981850217,27670.89807146867,49.780617666173484,Monday,3.4988940277498495
2023-01-17,4764,182,1701.4851144937984,28124.50503339693,56.85353222119609,Tuesday,3.82031905961377
2023-01-18,5445,136,4657.647783699839,29871.84664278409,49.10009046501622,Wednesday,2.4977043158861343
2023-01-19,4849,184,2675.0820995682925,32547.745782213227,48.41800754280185,Thursday,3.794596824087441
2023-01-20,4614,177,2532.55411299799,27182.36221325811,31.999561216820698,Friday,3.836150845253576
2023-01-21,6069,204,3075.6708211313503,28852.806752910183,45.552240658356126,Saturday,3.361344537815126
2023-01-22,5240,210,1187.8638671002202,29367.71942158479,34.50507002451125,Sunday,4.007633587786259
2023-01-23,5402,256,1665.1334750243177,25882.5211471827,52.12301306164457,Monday,4.7389855609033695
2023-01-24,4672,228,3952.134465705482,27416.79662700965,45.36665762438024,Tuesday,4.88013698630137
2023-01-25,5128,182,1331.1946717005058,25893.07838311325,50.4068333762506,Wednesday,3.5491419656786274
2023-01-26,5472,173,3412.608437865553,30718.56563023023,31.25018701807153,Thursday,3.1615497076023393
2023-01-27,4856,214,1981.3964387252838,28999.771735117996,32.54376048137409,Friday,4.406919275123559
2023-01-28,5635,160,2557.182456167906,30083.191662664103,51.48970164188047,Saturday,2.839396628216504
2023-01-29,5162,254,2154.7749470827994,31292.074220579692,32.1625300799602,Sunday,4.920573421154591
2023-01-30,5332,235,2422.6908658597968,31074.627995386258,32.13770183295776,Monday,4.40735183795949
2023-01-31,5192,185,3876.183620736982,23819.716630663763,30.363254257046624,Tuesday,3.5631741140215714
2023-02-01,6434,148,2188.4868624927003,29685.528598265464,58.695041948984404,Wednesday,2.3002797637550514
2023-02-02,5516,240,3265.618561187589,25642.19067081814,52.12525078377021,Thursday,4.350978970268311
2023-02-03,5009,196,2904.2016087963984,30622.272344330144,40.597542255061924,Friday,3.9129566779796363
2023-02-04,5963,237,3654.6846614505926,30021.07543084695,38.89606743862966,Saturday,3.974509475096428
2023-02-05,4955,152,4747.318957299032,29770.118634773484,40.49109689237549,Sunday,3.067608476286579
2023-02-06,5684,182,3930.288388841001,27131.774827377594,53.239605935435456,Monday,3.201970443349754
2023-02-07,4614,200,1859.761514363027,24924.845853604555,49.84111833211243,Tuesday,4.334633723450368
2023-02-08,4943,201,1124.7325402451388,29159.656139404782,35.55586703602404,Wednesday,4.066356463686021
2023-02-09,5720,186,2049.0561771993002,29941.837080399513,35.22328006002253,Thursday,3.2517482517482517
2023-02-10,6004,218,3380.311722801019,30816.814811922843,32.95186949140192,Friday,3.6309127248501003
2023-02-11,5733,167,1205.7032539370014,27411.57733388876,49.80908159104014,Saturday,2.912960055817199
2023-02-12,5603,195,2985.4649888049453,31286.203329135336,52.93117986665208,Sunday,3.480278422273782
2023-02-13,5523,203,3387.371395667557,31232.829488971824,37.95139284975012,Monday,3.67553865652725
2023-02-14,4947,215,2336.9755632678434,26824.7713307362,30.628348830927383,Tuesday,4.346068324236911
2023-02-15,5339,221,4083.6488149832876,27102.659017382797,32.46515002429282,Wednesday,4.139351938565274
2023-02-16,5480,166,1426.393012535087,31286.52925427017,59.035801045350915,Thursday,3.0291970802919708
2023-02-17,6251,153,1300.551126943235,29044.188717407444,38.86334332432261,Friday,2.4476083826587747
2023-02-18,5906,238,3912.7550248144134,25786.272609399624,53.076694435144006,Saturday,4.029800203183203
2023-02-19,4864,209,2981.965264824794,27573.06214621594,48.73990706562792,Sunday,4.296875
2023-02-20,5920,177,3753.609585710944,29666.12098549455,41.458189189586875,Monday,2.989864864864865
2023-02-21,5576,246,2739.309354414985,31415.4331190238,36.17061786586665,Tuesday,4.411764705882353
2023-02-22,5441,203,1985.6081329564272,24622.834245519258,33.64159254478219,Wednesday,3.7309318140047787
2023-02-23,6095,235,4276.409270696799,31342.621126271173,48.450389041166,Thursday,3.855619360131255
2023-02-24,6316,202,4197.663515875916,29588.56374574479,53.23901341913364,Friday,3.1982267257758075
2023-02-25,6276,261,3778.785883417707,31738.265341319602,49.317127606233925,Saturday,4.158699808795411
2023-02-26,5401,252,2088.580548919851,29009.80245653607,45.909063997474746,Sunday,4.6658026291427515
2023-02-27,5676,192,3360.9226674763486,29688.88414694235,31.258536702949087,Monday,3.382663847780127
2023-02-28,6005,229,2443.8955877601074,33526.96818451738,59.05466332783151,Tuesday,3.8134887593671936
2023-03-01,6336,219,1366.3282933065366,28215.83413541803,53.961425749637236,Wednesday,3.4564393939393936
2023-03-02,5618,241,4669.2543018489705,30285.911595892758,38.784661101028945,Thursday,4.289782840868637
2023-03-03,5774,171,1547.2745236758456,29125.922936898693,59.39910988076552,Friday,2.9615517838586767
2023-03-04,5321,220,4800.94941528321,25070.32153506661,48.056447689089666,Saturday,4.134561172711896
2023-03-05,5285,231,2784.023091831823,25495.038512986346,47.472679746217395,Sunday,4.370860927152318
2023-03-06,6297,147,1740.5317153544786,27399.60663179045,52.44219538288596,Monday,2.334444973797046
2023-03-07,6577,164,3167.6037895134327,31415.51959853848,54.353093642704124,Tuesday,2.493538087273833
2023-03-08,5870,138,4491.783343505633,29065.96583253539,49.69435821994508,Wednesday,2.3509369676320273
2023-03-09,6415,191,3928.899545638245,33836.85417332109,33.842872390986,Thursday,2.9773967264224472
2023-03-10,6100,221,4226.2445914457985,31738.348100793057,40.14802517983495,Friday,3.6229508196721314
2023-03-11,5604,245,3635.1334668428694,26935.45914276302,57.8425092097815,Saturday,4.371877230549607
2023-03-12,6113,202,3769.1062580714097,28170.238647194386,36.73846835531556,Sunday,3.304433175200393
2023-03-13,6708,248,4396.782606261277,33324.4346392445,41.1650107151254,Monday,3.697078115682767
2023-03-14,5927,158,1998.6720354367437,31252.111342386153,42.96230648832588,Tuesday,2.6657668297621053
2023-03-15,6733,148,2957.699854572562,35016.31231066126,43.18214969083357,Wednesday,2.198128620228724
2023-03-16,4646,198,1884.837767278409,29659.38605462375,48.38818747483576,Thursday,4.261730520878175
2023-03-17,6371,211,4950.672031986588,29813.016077459593,58.29227513234123,Friday,3.311881965154607
2023-03-18,6008,199,4776.2373587464535,31831.29336067737,37.220781354975145,Saturday,3.3122503328894806
2023-03-19,5820,137,1157.7072454740237,31611.513562773544,33.64504128902754,Sunday,2.3539518900343643
2023-03-20,6019,197,3822.300690062754,30248.940874409247,35.92411469579812,Monday,3.272968931716232
2023-03-21,4983,160,4700.993269662664,28584.239687281588,56.60774700627809,Tuesday,3.2109171182018863
2023-03-22,5871,220,1722.3013805093342,30861.922117435817,49.37432437965618,Wednesday,3.7472321580650654
2023-03-23,6162,210,3271.780922210518,29079.63778869729,38.57720367717481,Thursday,3.4079844206426486
2023-03-24,6725,171,4661.953190352167,31559.95344045341,54.47840816905852,Friday,2.5427509293680295
2023-03-25,5729,184,1135.7839143431954,27927.993491433084,55.84109989090308,Saturday,3.2117297957758772
2023-03-26,5587,168,3789.6810689873596,28402.488271626225,55.395430160708344,Sunday,3.006980490424199
2023-03-27,5743,198,2189.396029490203,28087.532172877785,57.56779600918664,Monday,3.4476754309594284
2023-03-28,6452,228,4697.5847815061215,29133.70061719865,37.56723060520085,Tuesday,3.533787972721637
2023-03-29,6161,170,4884.232980661471,30245.598168085366,52.65125786238835,Wednesday,2.75929232267489
2023-03-30,5733,215,4777.065956453735,27087.170006007214,43.8161849182242,Thursday,3.7502180359323214
2023-03-31,6255,184,2896.856866629855,31606.3910970354,55.25995658670185,Friday,2.941646682653877
2023-04-01,6047,176,4448.170603957254,32106.798559824452,51.85472031484839,Saturday,2.9105341491648753
2023-04-02,6483,196,4378.197594140282,32008.1205651052,53.293423394991734,Sunday,3.023291685947864
2023-04-03,5647,168,2276.4018929730228,28681.51859419956,49.68485513043214,Monday,2.975030989906145
2023-04-04,5835,183,4315.661896602709,31829.284846848794,35.3228630840912,Tuesday,3.1362467866323906
2023-04-05,5801,164,1148.0305388619704,26462.540579704357,46.350807566908145,Wednesday,2.827098776073091
2023-04-06,5265,258,3385.0795139282122,33110.65256014497,59.54009218573525,Thursday,4.9002849002849
2023-04-07,6144,201,1920.0353491508122,28856.10145465975,58.12164199491357,Friday,3.271484375
2023-04-08,6125,179,1482.2675431091152,32094.477676490584,31.29521207391035,Saturday,2.9224489795918367
2023-04-09,5995,206,1307.8128065168366,28611.658349528145,34.944444471883116,Sunday,3.4361968306922437
2023-04-10,5873,196,3785.155103512559,31160.617935617345,33.951863203636854,Monday,3.3373063170441
2023-04-11,5280,193,2359.499855072265,29754.184397756995,51.779397299558866,Tuesday,3.6553030303030303
2023-04-12,5774,218,3899.0670861150456,25430.340632310585,54.53355989570835,Wednesday,3.7755455490128162
2023-04-13,5810,222,1261.4253631957695,32349.050010351533,36.40534098932016,Thursday,3.820998278829604
2023-04-14,5577,184,2261.161351322441,27960.502557668733,45.17558078855487,Friday,3.2992648377263762
2023-04-15,5895,182,3157.965169501349,29001.29897925755,55.221090840336004,Saturday,3.0873621713316366
2023-04-16,6174,191,4162.8926593558535,29111.882989132908,51.98404634298752,Sunday,3.0936183997408486
2023-04-17,6910,130,2275.0100117282796,33586.8832740198,46.26711616475545,Monday,1.881331403762663
2023-04-18,6050,154,3503.5655057480362,33994.36601973652,47.71043071376319,Tuesday,2.5454545454545454
2023-04-19,6086,241,4543.910992944749,33093.8056054312,45.2508164074884,Wednesday,3.9599079855405854
2023-04-20,5915,249,3463.4527527292184,32015.01976889075,38.92645353956462,Thursday,4.209636517328825
2023-04-21,4988,192,1931.8378990145352,27887.072798364454,46.95065978577048,Friday,3.8492381716118684
2023-04-22,5928,217,1097.6031262261522,31594.96160112141,50.666559061502724,Saturday,3.6605937921727394
2023-04-23,5966,209,4480.39549560372,31052.259471416655,56.199687475824234,Sunday,3.5031847133757963
2023-04-24,7161,292,1085.0776434015486,33876.39050874108,49.08874061937745,Monday,4.077642787320207
2023-04-25,5827,233,4498.8066907367975,25812.2131717475,52.83364611129474,Tuesday,3.9986270808306164
2023-04-26,6067,196,3115.748536108848,31258.253433754784,34.80214904863719,Wednesday,3.2305917257293557
2023-04-27,5892,171,4756.270794051585,26707.5672080945,43.8467242325937,Thursday,2.9022403258655802
2023-04-28,5318,151,4195.132943094662,33728.194422061555,30.279948594812797,Friday,2.8394133132756676
2023-04-29,6466,206,4991.73644213335,29445.85754273391,37.40036593564869,Saturday,3.185895453139499
2023-04-30,6263,177,2402.847261806841,31373.961446136836,51.79385145339015,Sunday,2.8261216669327798
2023-05-01,6275,157,4068.7531557245075,33249.270522596504,59.7542985404809,Monday,2.50199203187251
2023-05-02,5416,180,2607.723654436969,28078.84235944355,32.97534298761648,Tuesday,3.323485967503693
2023-05-03,6564,167,2919.5024812156353,33786.25107863047,42.04482947583865,Wednesday,2.5441803778184036
2023-05-04,5153,250,3510.0218528734804,30130.21373664565,54.00212906097478,Thursday,4.851542790607414
2023-05-05,6138,226,4494.708456745355,31668.413431023775,36.12106903886696,Friday,3.6819811013359396
2023-05-06,6930,199,4936.33387679718,32293.63067365066,46.652548479068585,Saturday,2.8715728715728717
2023-05-07,5330,244,4073.0936554580726,23635.40669913837,51.992138880890245,Sunday,4.577861163227017
2023-05-08,5532,202,2671.067128669335,26350.78640361427,48.479563507805366,Monday,3.6514822848879245
2023-05-09,5855,174,2685.428009108281,31694.303458251612,35.640742038462484,Tuesday,2.971818958155423
2023-05-10,5544,245,3950.329206355566,29570.598386165504,40.661537060572186,Wednesday,4.41919191919192
2023-05-11,5009,216,1955.1085830732095,28273.011567696292,53.513753534561914,Thursday,4.312237971651029
2023-05-12,5808,168,1441.8964525255788,29384.476400757958,46.6267954239605,Friday,2.8925619834710745
2023-05-13,5231,194,2418.488630563106,30573.907484122054,30.156888406287383,Saturday,3.7086599120627035
2023-05-14,5988,173,2148.955966616327,27942.479776058753,52.829722800842816,Sunday,2.8891115564462257
2023-05-15,5281,158,2185.2324818239604,29203.555881268207,31.059340648207172,Monday,2.991857602726756
2023-05-16,6503,227,1934.4310041996398,29282.591086676337,52.37201348193696,Tuesday,3.490696601568507
2023-05-17,5325,257,1168.3727585454476,24298.903333662318,36.074416804957124,Wednesday,4.826291079812207
2023-05-18,5543,158,1071.4957389336553,25260.809491774024,58.74220440358141,Thursday,2.8504419989175536
2023-05-19,6099,216,4950.889558944126,27725.01659640972,41.03822253906253,Friday,3.541564190850959
2023-05-20,5064,180,2711.092534943449,31084.298141398463,39.80794849014237,Saturday,3.5545023696682465
2023-05-21,5781,185,2537.3065886387267,27687.49631039107,34.46664150997334,Sunday,3.200138384362567
2023-05-22,6308,182,3718.5891307722795,28287.75555919986,39.16812646470645,Monday,2.8852251109701967
2023-05-23,4838,174,1873.0155514602566,24623.7354318551,56.29952285484602,Tuesday,3.596527490698636
2023-05-24,5720,201,4799.844735800902,27937.919278426638,59.890030128817415,Wednesday,3.5139860139860137
2023-05-25,5744,175,4145.380057662209,30370.727661154506,41.04928591520545,Thursday,3.046657381615599
2023-05-26,5991,208,1357.644009249038,28790.464881827673,43.458318928636274,Friday,3.471874478384243
2023-05-27,4968,198,2670.3231031397136,28847.360398294102,51.66212814608211,Saturday,3.985507246376811
2023-05-28,4912,192,4516.473230248659,30028.902306032513,56.585873413952235,Sunday,3.908794788273615
2023-05-29,5819,172,4778.928089165642,24253.282687084633,47.79133002560353,Monday,2.9558343357965287
2023-05-30,5693,182,2869.606044999479,28942.522477896353,41.74577094533488,Tuesday,3.196908484103285
2023-05-31,5655,222,3453.645556842831,29277.095893216785,42.378655225458715,Wednesday,3.9257294429708227
2023-06-01,5689,215,1668.1357843683008,33375.924737783775,50.868544394904205,Thursday,3.779223062049569
2023-06-02,5160,170,4964.674504547906,26930.850635878855,30.09654790812836,Friday,3.2945736434108532
2023-06-03,5602,202,1926.6868055337736,28256.722442597915,48.587680123795224,Saturday,3.605855051767226
2023-06-04,5617,222,4770.927096540503,25215.297157283276,40.66479031324072,Sunday,3.9522876980594623
2023-06-05,5097,149,3598.586595969474,22873.768619219365,53.82591993831252,Monday,2.923288208750245
2023-06-06,6372,216,3430.9471795154363,32236.63343616038,32.789719194693966,Tuesday,3.389830508474576
2023-06-07,5661,180,3050.7540440660346,25771.48690322561,47.646068008451714,Wednesday,3.1796502384737675
2023-06-08,4813,217,1922.6792468710346,32198.463040073068,44.42918669658371,Thursday,4.508622480781217
2023-06-09,5721,177,1706.1121280220332,29171.61209673135,49.26976577715682,Friday,3.0938647089669638
2023-06-10,4889,145,1881.9448362807016,29477.48446510963,31.94560783448905,Saturday,2.9658416854162404
2023-06-11,5754,151,1745.753048577018,30052.87628330542,47.39951362284394,Sunday,2.624261383385471
2023-06-12,5924,201,4118.337894267013,29451.42163598362,46.84453763878571,Monday,3.392977717758271
2023-06-13,4918,207,2400.5010366669203,29691.389687657163,46.819802832485124,Tuesday,4.209028060187068
2023-06-14,5794,172,1231.3707062535855,30004.045940296583,48.104629997893646,Wednesday,2.968588194684156
2023-06-15,5502,219,4876.410520563246,29592.615904975126,50.294038116790865,Thursday,3.9803707742639043
2023-06-16,5691,150,4535.143539853703,28268.934720767284,54.14966999042309,Friday,2.635740643120717
2023-06-17,6211,198,4711.009132780851,26474.988232467225,38.094621603846434,Saturday,3.1878924488810174
2023-06-18,5124,163,4979.631290585741,25349.701448234067,54.751482305401865,Sunday,3.1811085089773616
2023-06-19,4853,180,1695.580996877949,24952.8250105873,44.947670467903606,Monday,3.70904595095817
2023-06-20,4768,201,2584.968075610635,27874.621936717434,32.31174837402993,Tuesday,4.215604026845638
2023-06-21,4788,174,4032.9539028163654,25603.8498079895,31.756527877319375,Wednesday,3.634085213032581
2023-06-22,5140,188,3784.0824722151688,24102.645560789046,40.027149560881824,Thursday,3.6575875486381326
2023-06-23,5332,230,1615.5836253594202,28898.82134988953,53.54690931334403,Friday,4.3135783945986494
2023-06-24,5283,182,4263.332499962471,30586.5325443557,51.23042804222747,Saturday,3.44501230361537
2023-06-25,5541,225,1897.7622873466426,30567.32105032178,53.65844894017219,Sunday,4.060638873849485
2023-06-26,5117,166,1895.2704592904925,27027.793519125986,45.51807169324828,Monday,3.244088333007621
2023-06-27,5820,215,3147.8976915736544,25285.977491366975,43.205969938664715,Tuesday,3.6941580756013748
2023-06-28,4944,243,3371.7597393668125,28502.396173031248,34.42357580118852,Wednesday,4.91504854368932
2023-06-29,6420,125,3320.344831351245,30632.96411152232,39.84578260827935,Thursday,1.9470404984423675
2023-06-30,5355,176,1365.9473495910195,26467.950402317314,43.020580985216256,Friday,3.286647992530346
2023-07-01,4596,217,4509.843450521521,28300.28902774163,32.65801289038852,Saturday,4.721496953872933
2023-07-02,4472,193,2062.4001703548242,30106.469132924445,36.61835858133634,Sunday,4.315742397137746
2023-07-03,5233,211,1518.0596851312166,29480.202068829814,47.94675882191217,Monday,4.032103955665966
2023-07-04,4863,181,4554.9923194759085,27765.576579199515,52.0698934271757,Tuesday,3.721982315443142
2023-07-05,5314,202,4822.605992919013,25798.106527691918,59.95042534178849,Wednesday,3.801279638690252
2023-07-06,5176,195,4448.510469061803,31096.332931326848,57.99339994030673,Thursday,3.767387944358578
2023-07-07,4886,235,4238.064298899512,25920.985459059302,49.27695598605575,Friday,4.809660253786328
2023-07-08,4482,207,3620.9679225560867,25155.63319538818,42.637441598822164,Saturday,4.618473895582329
2023-07-09,4131,210,3203.429482436557,25421.646796658773,49.08532094124698,Sunday,5.083514887436456
2023-07-10,4648,187,1347.9470396456404,27355.805809220677,53.56954854240696,Monday,4.023235800344234
2023-07-11,5283,185,2633.8128522827947,28357.393305850877,33.55008572770162,Tuesday,3.501798220707931
2023-07-12,4945,187,2490.7540680492557,27892.957745843545,42.297146690888646,Wednesday,3.78159757330637
2023-07-13,4198,211,2039.0151350413048,25714.218197352762,55.19406856906852,Thursday,5.026202953787518
2023-07-14,4890,187,3893.6804547543397,26749.961279376046,41.514988557991316,Friday,3.8241308793456033
2023-07-15,4979,208,2983.502940315083,28409.74082465118,47.156168136815594,Saturday,4.177545691906006
2023-07-16,4328,262,1324.1848636305917,25791.599061325956,47.633080825865946,Sunday,6.053604436229206
2023-07-17,4829,226,1880.7328077992454,25745.456002337018,35.53428759400918,Monday,4.680057983019259
2023-07-18,4766,190,3733.035054638384,28347.664608312927,40.86706324956865,Tuesday,3.986571548468317
2023-07-19,4148,236,1304.5234379612007,25737.649161804016,40.03533866225796,Wednesday,5.689488910318226
2023-07-20,4882,187,4404.827656195075,27081.547914860825,30.785901255961942,Thursday,3.83039737812372
2023-07-21,4967,138,2980.586108055897,28274.02466430809,30.725752916740657,Friday,2.7783370243607814
2023-07-22,5212,169,2922.346309306592,31299.641341128674,54.9509113102732,Saturday,3.242517267843438
2023-07-23,5181,143,3369.6311386380703,25357.19981051135,38.19212429918437,Sunday,2.7600849256900215
2023-07-24,3950,189,4298.723863700597,27399.957409901373,45.542362987164466,Monday,4.784810126582278
2023-07-25,4154,200,2391.2368316087723,25264.68601506393,38.96176720766319,Tuesday,4.814636494944632
2023-07-26,4864,250,3712.0646102362543,30128.525884320665,58.220377353460215,Wednesday,5.139802631578947
2023-07-27,4847,209,3262.927855983164,26853.5773375328,37.778902765973214,Thursday,4.311945533319579
2023-07-28,4832,193,2068.1130806776855,27308.90840881284,42.88970438216805,Friday,3.994205298013245
2023-07-29,6486,224,4514.519945420632,29939.658355464642,56.181907514538054,Saturday,3.4535923527597907
2023-07-30,4830,133,4189.704086427712,31780.71309704137,55.25800700375426,Sunday,2.753623188405797
2023-07-31,5096,207,3633.807338633702,25130.04937035522,35.583042535388316,Monday,4.062009419152276
2023-08-01,4991,223,4402.326916376967,29337.033767665605,54.079299293871316,Tuesday,4.468042476457624
2023-08-02,4824,155,4469.176803839209,26383.667891596615,43.74560660213678,Wednesday,3.213101160862355
2023-08-03,4326,234,3833.451906860139,23358.252743865844,44.489066162560654,Thursday,5.409153952843273
2023-08-04,4849,210,4348.053313454688,29333.9159103685,34.004399172478315,Friday,4.330789853578057
2023-08-05,4068,187,3789.8858466771344,25956.676887216614,32.41804541271374,Saturday,4.5968534906588
2023-08-06,4322,218,3720.5630870412015,30084.33932893975,51.83817920921295,Sunday,5.043961129106895
2023-08-07,4184,268,3474.4455128607374,23512.809216774942,44.893834570658996,Monday,6.405353728489484
2023-08-08,4453,205,4010.866558230565,25577.036018513725,43.10552107845538,Tuesday,4.603637996856052
2023-08-09,5556,207,1634.420421172295,31398.17291881246,51.8852468595719,Wednesday,3.7257019438444923
2023-08-10,3451,186,4523.483036795714,19151.17345399018,52.96538696973329,Thursday,5.389742103738047
2023-08-11,4715,174,4487.374110980928,27201.34595782096,34.76724503008061,Friday,3.6903499469777308
2023-08-12,3551,224,1116.9891321382365,23565.29812097389,48.30675448432924,Saturday,6.3080822303576465
2023-08-13,4109,174,4303.26700225905,26881.244161028917,34.060622468330564,Sunday,4.23460696033098
2023-08-14,4876,202,1515.4794698937808,26955.700695466658,52.54125258087137,Monday,4.142739950779328
2023-08-15,4352,185,2340.4754170365677,24404.446154363075,49.708654688014185,Tuesday,4.250919117647059
2023-08-16,3768,214,3974.033025166431,20031.619123063647,58.69843863250374,Wednesday,5.679405520169851
2023-08-17,3937,210,1643.0395841932327,26586.04603317968,32.06874049069263,Thursday,5.334010668021336
2023-08-18,4622,231,4271.868096476249,27079.660080745758,31.711641634537628,Friday,4.997836434443963
2023-08-19,3905,184,4328.536711830968,24562.000631495783,38.465612240796005,Saturday,4.71190781049936
2023-08-20,4367,191,3029.8709350433446,25814.054933721265,37.851170512077175,Sunday,4.373711930386993
2023-08-21,4270,170,1025.5434868673344,24044.49103661674,37.409363972159994,Monday,3.9812646370023423
2023-08-22,3911,186,2148.152532699651,24669.842053130124,57.1876374156311,Tuesday,4.755816926617233
2023-08-23,5297,211,3467.7076735029686,25448.477175173735,37.48638599548518,Wednesday,3.9833868227298472
2023-08-24,4531,222,4924.744712109694,24878.49699352,38.15849178385893,Thursday,4.899580666519531
2023-08-25,3191,172,3527.2541080666733,22084.53299969417,52.78194787253891,Friday,5.390159824506425
2023-08-26,4287,226,2039.2143242566392,24512.826028684416,43.4921952735162,Saturday,5.271751807790996
2023-08-27,3853,240,3536.0228123984452,23538.480150046795,53.301316708655435,Sunday,6.2289125356864785
2023-08-28,4600,212,3159.941518863422,26093.078194913687,31.960984726931557,Monday,4.608695652173913
2023-08-29,3768,256,4119.381580604575,23161.91112810894,44.62713581020153,Tuesday,6.794055201698514
2023-08-30,4097,176,1427.9225553078336,27191.530377682146,31.008408005498477,Wednesday,4.2958262143031485
2023-08-31,4398,162,4044.111610008112,28063.548097787043,31.879596103660635,Thursday,3.6834924965893587
2023-09-01,4569,146,3165.066314704441,26203.19946153031,57.19312360033233,Friday,3.195447581527686
2023-09-02,3528,244,4851.9680154359785,24635.642866836373,34.17736113352785,Saturday,6.91609977324263
2023-09-03,3952,219,2367.4886641547446,29027.348940046446,45.972620468256515,Sunday,5.541497975708502
2023-09-04,3874,198,3530.4875725357924,21969.782456395238,42.33286807802119,Monday,5.110996386164171
2023-09-05,3778,208,4728.11242204007,21719.267734772686,40.42029978776528,Tuesday,5.505558496559026
2023-09-06,4979,166,1410.038911962717,30436.142972058464,56.99500037061817,Wednesday,3.334002811809601
2023-09-07,4292,273,4748.913948945805,30184.005122970768,30.654701903264684,Thursday,6.360671015843429
2023-09-08,3452,203,3751.5428892032533,22813.522558093395,49.91369058526767,Friday,5.880648899188876
2023-09-09,4534,203,1271.3482364206875,30485.622088948257,58.901833026406514,Saturday,4.477282752536392
2023-09-10,5131,221,2203.8542677872647,27686.54794783097,46.805045503855254,Sunday,4.307152601832001
2023-09-11,4580,214,3832.6883545811265,26261.350073508478,58.104673860992754,Monday,4.672489082969433
2023-09-12,3298,206,1269.4024058750867,21633.257414922686,31.56773637858071,Tuesday,6.24620982413584
2023-09-13,3809,176,3328.6818407050932,25674.025025769348,42.56379957222484,Wednesday,4.620635337358887
2023-09-14,4680,214,2383.532227811827,25317.798790244884,37.804733728861535,Thursday,4.572649572649572
2023-09-15,3688,256,3483.6620710699085,22811.677533465558,51.924628949421894,Friday,6.941431670281996
2023-09-16,4258,240,1182.9681352500513,27685.16258185838,59.4389127149174,Saturday,5.636449037106623
2023-09-17,4420,247,4486.147224609505,24242.514207858207,37.695901873327436,Sunday,5.588235294117648
2023-09-18,3564,184,4893.955876709588,26680.962044051506,49.62523804422223,Monday,5.16273849607183
2023-09-19,3994,170,4875.511421142766,24288.42802003228,35.9429289827922,Tuesday,4.2563845768652975
2023-09-20,2400,196,3998.607326971699,22163.481943559033,46.9599076371483,Wednesday,8.166666666666666
2023-09-21,3505,201,1520.3449605225278,21586.263049010922,43.91797460065008,Thursday,5.734664764621969
2023-09-22,3888,232,4033.0527837160903,25366.837986891172,59.16015988894611,Friday,5.967078189300412
2023-09-23,3388,149,1098.347665835206,23229.09862528043,48.255818180893996,Saturday,4.397874852420307
2023-09-24,4825,245,1088.494206115989,26670.20037547835,40.485191162604565,Sunday,5.077720207253885
2023-09-25,3291,195,2294.4408765981652,24893.816368032065,33.422873546638,Monday,5.925250683682772
2023-09-26,3784,187,2954.572761618663,22340.793920490625,34.537404862048035,Tuesday,4.941860465116279
2023-09-27,4069,169,4081.629671231173,25455.041688793346,36.75950789853705,Wednesday,4.15335463258786
2023-09-28,4723,150,3733.181506426021,25280.470775075162,37.52899984020894,Thursday,3.1759474910014824
2023-09-29,3284,224,2783.610825506993,21954.053360471524,55.51848173523413,Friday,6.82095006090134
2023-09-30,4582,202,2094.5066651266634,28210.382348542385,46.83668364847575,Saturday,4.4085552160628545
2023-10-01,4006,161,4988.498000630845,25107.04889422832,45.70172734123099,Sunday,4.0189715426859705
2023-10-02,3510,161,2704.7252089438916,21873.058187639945,33.443066156076526,Monday,4.586894586894587
2023-10-03,4232,189,2805.548097318702,25874.590466176836,55.80419080048305,Tuesday,4.465973534971645
2023-10-04,4100,250,1654.4952847666768,22922.039992031197,51.68442909625451,Wednesday,6.097560975609756
2023-10-05,3701,192,4179.238194999718,21244.450981520473,32.03005085700005,Thursday,5.187787084571737
2023-10-06,4037,154,3774.7289031259547,24980.86858653275,51.23505291689306,Friday,3.8147138964577656
2023-10-07,3812,192,1883.0784511550414,27047.137878711925,46.306146520279384,Saturday,5.036726128016789
2023-10-08,4062,191,1329.5241824633708,25417.15005554213,32.45176037240335,Sunday,4.702117183653373
2023-10-09,4339,119,3721.9972082988525,21415.911810144076,43.74901924585969,Monday,2.7425674118460472
2023-10-10,4804,198,3618.044857124541,31818.1855496501,44.54088861390141,Tuesday,4.121565362198168
2023-10-11,3394,193,2093.0381079928375,20756.783501915084,34.97323620489827,Wednesday,5.686505598114319
2023-10-12,5082,220,4803.454249001641,29271.69909168697,58.37094441000847,Thursday,4.329004329004329
2023-10-13,3042,255,1604.231567123601,25311.877101514383,55.49926114441986,Friday,8.382642998027613
2023-10-14,3947,233,2729.3392041704074,23867.140953217608,50.07067011987325,Saturday,5.903217633645807
2023-10-15,4320,191,4774.463680670396,26050.638649822766,43.86886683001822,Sunday,4.421296296296296
2023-10-16,4170,166,2678.909267704489,25123.009407871185,42.35296624753526,Monday,3.980815347721822
2023-10-17,3723,277,3554.103790656342,26321.230890786264,49.529204014528624,Tuesday,7.440236368520011
2023-10-18,3934,201,2590.3775918511774,24055.808740956305,46.36295608220716,Wednesday,5.10930350788002
2023-10-19,3797,200,2096.86080939468,27133.156033977684,31.86819317645657,Thursday,5.267316302343956
2023-10-20,3754,199,4935.9105918393125,25130.23344509052,45.375079463109955,Friday,5.301012253596165
2023-10-21,4479,205,2637.3360252601724,27665.815167808098,54.192108516985186,Saturday,4.576914489841482
2023-10-22,4239,195,4576.396814716538,24240.061604389408,43.77719632790874,Sunday,4.600141542816702
2023-10-23,3720,182,1919.8184235643448,24448.86241567806,31.558697326628053,Monday,4.89247311827957
2023-10-24,4522,183,1852.418816100333,23559.564046672236,53.588345981520995,Tuesday,4.046881910659001
2023-10-25,4233,199,1124.5363315380455,25253.56828045106,36.04091346407923,Wednesday,4.70115757146232
2023-10-26,4492,183,3606.6673015035403,24127.58535360243,37.758625046641164,Thursday,4.073909171861087
2023-10-27,4407,178,2474.1053748950444,29769.6872819496,34.941190602968874,Friday,4.039028817789879
2023-10-28,3686,203,4457.432999358549,24264.677907599525,39.90645194614493,Saturday,5.50732501356484
2023-10-29,3828,192,2892.8396267662283,23137.96200187398,52.70254517065905,Sunday,5.015673981191222
2023-10-30,4489,245,4872.773711658887,27034.12844601395,45.58157578511812,Monday,5.457785698373803
2023-10-31,4430,120,1742.1020628124847,25564.4255432402,36.146438224521376,Tuesday,2.708803611738149
2023-11-01,4122,232,4474.492671822443,29580.988933066546,56.33490234456123,Wednesday,5.628335759340127
2023-11-02,4200,237,4106.387411166967,24304.058137171523,56.387455648545874,Thursday,5.642857142857142
2023-11-03,4789,137,4083.687378576208,27046.11202375083,56.11735275138021,Friday,2.8607224890373772
2023-11-04,3864,189,4379.13291246755,23583.71205183219,37.16388634144618,Saturday,4.891304347826087
2023-11-05,4442,188,4044.0959637719957,24191.311266455017,43.537180325429645,Sunday,4.232327780279153
2023-11-06,4077,157,3504.8812865256614,26376.47038288792,59.54968968422625,Monday,3.850870738287957
2023-11-07,4080,176,1524.9795107295504,24679.81310754336,53.16037428929971,Tuesday,4.313725490196078
2023-11-08,4748,166,1130.1047179650077,24830.479467311525,30.815022636766795,Wednesday,3.496208930075821
2023-11-09,4622,252,4683.391391262747,27856.069415480655,31.95613773781476,Thursday,5.452185201211597
2023-11-10,4626,228,3466.601258082952,27194.099265270925,43.91794130436998,Friday,4.9286640726329445
2023-11-11,4883,238,4186.149163904705,24247.897770961623,57.27660617584681,Saturday,4.874052836371083
2023-11-12,4252,221,2926.0894060502005,24892.545423618572,46.161053938581425,Sunday,5.1975540921919094
2023-11-13,4594,166,1469.2327558495779,20798.0382708698,44.934375241028704,Monday,3.6134087940792337
2023-11-14,4109,184,1500.7431688102017,25661.70020795968,33.16421099869892,Tuesday,4.477975176441957
2023-11-15,4439,214,3742.2611489158853,26512.8255532268,49.70340314172882,Wednesday,4.82090560937148
2023-11-16,4223,163,2721.223579597851,23776.027931979974,54.66309481800677,Thursday,3.8598152971820983
2023-11-17,4349,221,1802.0989068013469,28086.49552023332,41.41260022522687,Friday,5.081627960450678
2023-11-18,4610,192,2966.378186965748,24553.559480037817,53.26835552775982,Saturday,4.164859002169197
2023-11-19,3916,188,1256.8357483005364,19916.577313465732,58.93429961702435,Sunday,4.800817160367722
2023-11-20,5385,221,3327.8856076575953,29952.78170529489,36.112993773830674,Monday,4.103992571959146
2023-11-21,3848,213,2075.9736177403906,23437.40268479289,45.69988893584224,Tuesday,5.535343035343035
2023-11-22,3757,189,4190.236402548753,24248.477331149214,38.614138742537264,Wednesday,5.030609528879425
2023-11-23,4957,234,2241.447835694295,25876.68349205843,53.785632571015185,Thursday,4.720597135364132
2023-11-24,4787,167,2820.880596327205,27269.750407387644,47.32780097643473,Friday,3.4886149989555046
2023-11-25,4718,218,1046.4821596324025,27008.07803021287,49.03747252650911,Saturday,4.620601949978805
2023-11-26,4734,217,1289.7875511782354,24648.608817740034,53.93742478847682,Sunday,4.583861427967892
2023-11-27,4427,190,2569.974225626739,27079.451715844785,41.879114179873646,Monday,4.291845493562231
2023-11-28,3999,209,2919.7553388684937,22769.986291950816,57.45270205221129,Tuesday,5.226306576644161
2023-11-29,4499,162,3400.082192477215,24899.255262802275,45.9908660173842,Wednesday,3.600800177817293
2023-11-30,4138,227,2166.650314837213,23260.81941266123,34.73864468506044,Thursday,5.485741904301595
2023-12-01,4979,194,3779.9275445061703,25241.29621961384,50.876973545064075,Friday,3.89636473187387
2023-12-02,4433,184,4440.489588756818,28860.495543894416,53.797840513147634,Saturday,4.150688021655764
2023-12-03,4109,231,4119.4039555734,26784.63939028811,39.5028503120258,Sunday,5.621805792163544
2023-12-04,4376,178,1158.4753013934287,31242.45992444334,55.71537770996259,Monday,4.0676416819012795
2023-12-05,4758,157,2922.0277890313155,25323.232607118443,57.18429764297299,Tuesday,3.2997057587221525
2023-12-06,4286,153,1419.7207136726995,24655.597430112986,38.30713462133427,Wednesday,3.5697620158656087
2023-12-07,4171,218,1968.1800634501099,25602.40758296233,59.50564418145666,Thursday,5.2265643730520255
2023-12-08,4720,161,4946.650373068585,29579.148401791943,34.22134584146275,Friday,3.411016949152542
2023-12-09,4737,252,1569.9821716060528,26582.575541548358,36.0604700520747,Saturday,5.319822672577581
2023-12-10,4377,137,2995.5526138054242,24789.32966312293,35.52674517714078,Sunday,3.129997715330135
2023-12-11,4411,250,3472.6229372724765,29151.42246412307,56.819691300236116,Monday,5.667649059170256
2023-12-12,4779,206,3809.859882176416,26665.64814901913,49.62877656974885,Tuesday,4.310525214480017
2023-12-13,3954,197,3238.5947339476566,27712.437257768514,34.563128496668185,Wednesday,4.9822964087000505
2023-12-14,3992,183,1039.0833896767347,26477.87554233536,43.20970255105047,Thursday,4.584168336673346
2023-12-15,4352,211,2305.8452329759675,24938.344400967682,48.458940752094065,Friday,4.848345588235294
2023-12-16,4622,198,3070.846573538846,26043.30562598674,32.5039225496815,Saturday,4.283859800951969
2023-12-17,4900,233,1351.4659965793335,25721.96774253394,56.472491052220164,Sunday,4.755102040816326
2023-12-18,5499,203,2402.5077248367234,28041.93546748564,54.108106063246055,Monday,3.691580287324968
2023-12-19,5207,204,1132.8124351654662,29599.181781625746,45.15620320729914,Tuesday,3.9178029575571345
2023-12-20,4715,189,1314.313988620083,24402.19971688088,59.01379845777511,Wednesday,4.008483563096501
2023-12-21,4802,198,2587.6931048063843,26914.7297307792,42.53282937825299,Thursday,4.123281965847563
2023-12-22,4327,209,1530.8630161722413,21686.622476648598,59.523309571094934,Friday,4.8301363531315
2023-12-23,4836,148,3270.1633930462326,25315.081241288553,50.03759996410881,Saturday,3.0603804797353185
2023-12-24,4718,159,3757.859876549063,26734.327481050976,49.04013819761825,Sunday,3.370072064434082
2023-12-25,5041,222,4202.346796436332,22865.095352344146,34.978646858873546,Monday,4.403888117437017
2023-12-26,4483,205,1800.6009769792404,30987.862901664506,56.45783274913932,Tuesday,4.572830693731876
2023-12-27,5174,194,1669.930329036279,26486.450227806086,42.82469063761845,Wednesday,3.749516814843448
2023-12-28,5698,200,1418.271361337601,27557.26311031792,34.86700217347438,Thursday,3.51000351000351
2023-12-29,4894,210,3545.720998174547,28808.710665067516,30.37822559927277,Friday,4.290968532897425
2023-12-30,5166,183,3825.9029059476047,25420.046972711705,46.79267050915148,Saturday,3.542392566782811
2023-12-31,5328,176,1126.344579302568,22774.702919801704,45.82198866368029,Sunday,3.303303303303303
