User_ID,Segment,LTV,Satisfaction_Score,Device
0,Pro,750.4022719200143,10.0,Mobile
1,Pro,990.9867500789175,7.501024228436224,Mobile
2,Free,188.34808803283204,8.673195002297188,Desktop
3,Pro,386.1197674587034,6.313650927498671,Desktop
4,Free,916.6285911198181,6.330220580667541,Desktop
5,Free,2275.868312642863,9.122977213874913,Desktop
6,Free,1101.4572669368904,5.475635682672702,Mobile
7,Basic,232.18358210038937,6.877179348142093,Desktop
8,Enterprise,108.5599383242565,7.551041116608348,Desktop
9,Basic,336.07707946998784,7.667058902760079,Mobile
10,Free,676.703468632035,7.231360072475765,Desktop
11,Basic,339.19733866756934,8.093729671643885,Desktop
12,Free,330.0311490037453,8.539283633726717,Desktop
13,Pro,910.7911543049325,8.601956318188995,Tablet
14,Basic,224.2414582282474,6.02129428699826,Mobile
15,Free,982.3236611522211,7.073767353106804,Mobile
16,Basic,261.1158810307507,9.292144292815406,Desktop
17,Basic,198.92194104343906,8.841970781360809,Mobile
18,Free,302.55891287585644,5.440710822778405,Desktop
19,Basic,718.6821742735029,8.027219850528303,Desktop
20,Free,67.33861176990654,4.532662125937785,Desktop
21,Basic,109.33877928111208,7.570402353090555,Desktop
22,Pro,1512.5272562192738,10.0,Desktop
23,Pro,96.4839911254856,6.078160924096521,Desktop
24,Basic,419.34934068669423,6.248515431762627,Desktop
25,Basic,432.9348380491145,8.64604467235929,Desktop
26,Free,336.304237657266,5.185797727185531,Mobile
27,Basic,517.4600686113208,6.550867455172441,Desktop
28,Free,130.56987900925895,8.394661706372629,Mobile
29,Free,402.22070829147435,6.548571228465895,Desktop
30,Free,232.74551736404086,7.146045019183543,Mobile
31,Free,541.8627143872416,8.616278565472552,Desktop
32,Basic,76.12331381052286,8.132319125304843,Desktop
33,Free,423.0063296187814,7.900227594443103,Desktop
34,Basic,102.44947258534953,6.991316581094942,Mobile
35,Free,163.31060305257063,8.055091672903433,Mobile
36,Free,123.40431183475279,7.314400979850365,Desktop
37,Basic,100.95882398980869,8.186708414888678,Desktop
38,Free,873.520080051758,6.754601962323033,Mobile
39,Free,168.23141569534437,7.226146538430688,Mobile
40,Basic,1309.4964595202687,6.015063311171979,Desktop
41,Free,1752.055868226091,7.447488584990646,Desktop
42,Pro,423.45285023925686,6.283498704556733,Desktop
43,Free,77.1593351901143,5.82893032475701,Mobile
44,Free,234.64053987741576,7.887991721783083,Desktop
45,Basic,799.0815151086437,7.819109663786491,Tablet
46,Free,228.95115617433422,8.674310602422858,Desktop
47,Free,45.51912880210078,6.853311645637351,Desktop
48,Free,406.8500491944789,8.112079270255133,Desktop
49,Free,932.5550766240666,8.326196358410495,Mobile
50,Pro,794.637251445945,8.167160711747393,Mobile
51,Free,96.2605822760085,6.261519475796787,Desktop
52,Basic,558.5377667199042,7.724045223406783,Mobile
53,Pro,124.55402997422891,8.046210444081993,Desktop
54,Free,123.08298155587217,7.510767700361913,Desktop
55,Pro,1036.0215818686788,4.370283512443373,Desktop
56,Free,143.62038674606603,7.74073443596022,Desktop
57,Enterprise,152.75152788324525,10.0,Desktop
58,Free,0.32680215703518456,6.959941096864526,Mobile
59,Basic,1022.6902666443611,6.407884353217018,Desktop
60,Free,786.5404874322917,8.060022839567097,Tablet
61,Free,493.52955596129345,7.9685673156998575,Desktop
62,Basic,693.6789911598987,9.289102748124622,Mobile
63,Basic,82.46595886831491,5.613197766136668,Desktop
64,Free,306.5432469125478,8.597070378862488,Desktop
65,Free,216.33032924217136,8.385633091877196,Desktop
66,Basic,49.234671797103786,7.286780194589181,Desktop
67,Basic,332.89295402065056,8.008030976882536,Mobile
68,Enterprise,1267.5086398529636,9.044186222397535,Desktop
69,Basic,20.44178938049949,8.808473070042675,Mobile
70,Enterprise,172.27502670192948,5.785471031889407,Desktop
71,Basic,116.30721454153988,8.730237280133228,Desktop
72,Free,136.00060034847198,7.402967092451222,Desktop
73,Free,1195.3506411923292,7.6093111470232735,Mobile
74,Basic,315.6207996288356,7.6097954865025415,Mobile
75,Basic,313.96014783062026,7.2746355168026104,Desktop
76,Free,714.7588734519326,9.287561245660598,Desktop
77,Free,83.90894505614924,7.3744230602261815,Desktop
78,Enterprise,333.99841354523954,5.820680807425247,Tablet
79,Basic,281.04648917574457,6.909705216045407,Mobile
80,Free,454.2985650204533,7.768042075215713,Desktop
81,Free,3861.76476103123,9.343822176445576,Desktop
82,Free,733.6413617363867,8.40464202742325,Desktop
83,Free,253.63738693217297,6.224197081879434,Tablet
84,Free,878.8328196142538,10.0,Desktop
85,Free,93.59169618058402,7.897162966466969,Mobile
86,Basic,15.468674449368606,9.413086106998522,Desktop
87,Free,114.35976691547312,7.272428349634156,Mobile
88,Pro,208.06960416615416,8.300038867058174,Mobile
89,Pro,357.2679050552802,8.759202756777608,Mobile
90,Free,477.4237154703567,9.327292067631383,Mobile
91,Basic,1207.349274895966,9.086052458067337,Mobile
92,Free,356.5259962798689,8.808295500109466,Desktop
93,Pro,347.85086494797633,7.027369903208837,Desktop
94,Free,25.774563461784318,6.642380937065908,Desktop
95,Basic,17.76776328235749,7.998911265486297,Tablet
96,Basic,400.54435866823445,8.899692108511605,Desktop
97,Free,288.28564838544906,7.165918948835089,Mobile
98,Free,913.7360039524066,9.09775794857158,Mobile
99,Basic,87.58137200227975,9.67892511822927,Desktop
100,Basic,12.644371955660194,6.125518621389871,Desktop
101,Free,298.04541576218884,6.24461894430558,Desktop
102,Basic,135.56232430193663,7.2894374116419955,Desktop
103,Free,25.44372697534939,7.961419002283795,Desktop
104,Basic,644.7622360550428,6.713149479349424,Desktop
105,Free,59.16265380557515,9.528304018300716,Mobile
106,Pro,468.6544112832998,8.136100292277677,Tablet
107,Free,164.98155860562449,7.55917057236111,Desktop
108,Free,95.27529148633623,5.346135714197208,Desktop
109,Free,238.81755587233388,5.5262762753587396,Desktop
110,Free,808.3465242579142,7.9215138754227095,Mobile
111,Basic,248.86715912187768,4.301106560767746,Mobile
112,Free,694.6888532959782,9.018956114466107,Desktop
113,Pro,67.04365744556661,7.26276923344152,Desktop
114,Free,740.8994031594318,10.0,Mobile
115,Free,135.2049330360584,10.0,Mobile
116,Free,565.6604087255281,7.227826396128725,Desktop
117,Free,417.1037708251309,7.340494496203028,Mobile
118,Free,1323.5578763142398,8.993372271003045,Desktop
119,Free,244.95830598328183,10.0,Desktop
120,Free,34.227859051140086,5.042956413845975,Mobile
121,Free,9.670664486445757,4.82043680196797,Mobile
122,Basic,876.8232259392126,6.566947791668428,Desktop
123,Basic,371.9420387367803,8.374106374760796,Mobile
124,Free,746.3700701425875,8.245310385761396,Desktop
125,Free,133.5644386220155,9.104657182475776,Mobile
126,Enterprise,211.62395363326135,5.700453707452038,Desktop
127,Basic,15.283148986313606,4.025784205546685,Mobile
128,Basic,1628.4488479234656,8.787021292953218,Mobile
129,Free,551.1112589061934,6.257705590552148,Desktop
130,Basic,1353.0641827008183,4.472268203417043,Mobile
131,Basic,154.28019610061597,7.717595618939073,Mobile
132,Basic,472.6842243809473,8.689763532328016,Mobile
133,Enterprise,567.3788183406286,7.316914301818084,Desktop
134,Free,191.03278773241576,6.813227420726266,Mobile
135,Free,942.2968339540976,7.26095665178114,Mobile
136,Basic,1470.2572425907542,6.944125856398825,Desktop
137,Pro,1080.7820487186962,5.477929332089749,Tablet
138,Free,671.7457586923357,6.427978984514352,Desktop
139,Free,162.4944869983028,8.281919857520721,Desktop
140,Free,165.37554628434194,7.98251781206475,Desktop
141,Free,1653.311742506215,7.752089708950231,Desktop
142,Basic,5.168873392039226,6.007277277219931,Mobile
143,Basic,629.4785092121541,7.227745256796499,Desktop
144,Free,612.5065749837182,4.234402430335718,Tablet
145,Free,487.3434658081642,7.767714995828085,Desktop
146,Free,2308.057232708986,9.643286561720352,Desktop
147,Free,186.89560884289395,5.288801801936842,Desktop
148,Basic,207.73640712701706,6.621108490023367,Desktop
149,Enterprise,41.114725022456916,7.993660168065194,Mobile
150,Pro,292.4138463799997,9.379263951641226,Mobile
151,Free,151.26151245955822,6.827663075549776,Mobile
152,Pro,210.33001078636576,6.461624506101155,Desktop
153,Basic,899.6089781267632,4.546615286375875,Desktop
154,Basic,1370.4249918254914,7.655157193962159,Desktop
155,Free,102.73352268225352,10.0,Desktop
156,Free,233.01292081441804,7.916037692947014,Desktop
157,Free,1319.9427710520374,7.46658153122443,Mobile
158,Free,31.900575565085667,7.983123466150478,Desktop
159,Free,48.454018310194,7.483361994077097,Mobile
160,Free,88.8407627280324,6.280478441609805,Desktop
161,Free,452.1969331851856,8.734919873516558,Desktop
162,Basic,81.53734842803942,7.838642284667632,Mobile
163,Free,1722.2045748766889,7.526419877900486,Desktop
164,Free,295.9405925430443,6.036950959082625,Mobile
165,Enterprise,348.0938595079946,9.455261897902139,Mobile
166,Pro,141.61839422852347,8.497054117999665,Desktop
167,Basic,318.34585638603846,6.670618743949047,Tablet
168,Enterprise,542.2269456987177,9.002737280522906,Desktop
169,Basic,695.5070145337542,6.753643742422189,Desktop
170,Enterprise,700.9438188166358,6.326994761233444,Mobile
171,Free,431.24598571902635,6.360445323779569,Desktop
172,Free,1173.5808918792034,4.843397170367863,Mobile
173,Free,850.2501435670823,8.207313570627308,Mobile
174,Free,707.4459290608738,4.7532826824924745,Tablet
175,Free,28.605660274103414,5.6573342531013555,Desktop
176,Basic,3.450862210747384,4.3866179863822,Desktop
177,Basic,119.41248046516135,7.37089546081366,Mobile
178,Basic,544.6136239986656,7.274519309592192,Desktop
179,Free,264.83222338555294,7.009955680220454,Desktop
180,Pro,257.42205964007474,5.936133457994136,Desktop
181,Basic,1079.6186555842173,5.74164936984504,Desktop
182,Free,1129.5849030154477,8.19655479531986,Desktop
183,Basic,1199.4118040788867,6.674172102437268,Mobile
184,Free,188.3499680104414,7.974537482304217,Mobile
185,Free,587.297321075241,6.172126970813666,Desktop
186,Pro,158.4752429051964,7.771594114156623,Desktop
187,Free,105.73709760560679,9.454917055974096,Desktop
188,Free,102.05814740946558,8.379248700589175,Mobile
189,Pro,209.35695928863473,6.88137927267528,Desktop
190,Basic,281.0222848269944,7.885798455533891,Mobile
191,Free,888.7779231457116,7.1390022382046805,Desktop
192,Free,63.85481087491485,7.5118202770420925,Mobile
193,Free,663.8728354936044,7.011583421777244,Desktop
194,Basic,379.06147377303483,7.253497191171913,Mobile
195,Free,169.8003023060038,7.818140029611262,Desktop
196,Free,339.4442448212634,6.0099619506270745,Mobile
197,Enterprise,178.29609495077298,5.976181759515033,Desktop
198,Basic,453.271640550258,5.417186169253183,Mobile
199,Free,284.4427420597862,5.099593343244435,Mobile
200,Basic,89.80593310915677,5.674075961669281,Desktop
201,Basic,61.97901028445114,7.739193760206193,Mobile
202,Free,395.5957977697022,6.160818726762174,Desktop
203,Free,1163.5056661237527,8.270421696346645,Desktop
204,Pro,210.76499495978766,7.552070623128842,Desktop
205,Free,660.2535110824133,4.54724367984292,Desktop
206,Basic,537.4401002359871,8.482463376332534,Mobile
207,Free,1340.8617619868694,8.716197968387565,Mobile
208,Free,860.1317150779932,6.00920598774772,Desktop
209,Free,418.0531620112004,8.130287314342487,Desktop
210,Free,535.0568759519473,6.215252643886202,Mobile
211,Free,1143.2892748977165,7.646505565122503,Mobile
212,Free,255.01195976414402,5.603252389567551,Desktop
213,Pro,197.8524762758463,4.810340321198135,Tablet
214,Enterprise,5.434974021507358,6.925774215580547,Desktop
215,Basic,875.9360493377885,7.314406580587746,Desktop
216,Pro,807.176738031259,6.903480459578094,Mobile
217,Free,55.161134689937825,5.7239541626661605,Desktop
218,Enterprise,430.0229981594398,6.900151406803294,Desktop
219,Free,311.79348664161927,7.903942128871101,Desktop
220,Enterprise,63.183754744653484,7.432660454816195,Mobile
221,Enterprise,1970.422886118751,7.77375154589882,Mobile
222,Basic,120.84211585809953,6.49482719931865,Desktop
223,Enterprise,34.800553260706394,9.257576872074239,Desktop
224,Basic,451.74572106310455,5.73573999516783,Desktop
225,Free,671.3620932495302,8.231340445630078,Desktop
226,Free,16.49070104427652,9.272836639439943,Desktop
227,Basic,537.5225527050154,8.221362139123343,Mobile
228,Free,379.95542209415817,7.196213659402755,Desktop
229,Basic,54.49744983834416,6.707554430005532,Desktop
230,Enterprise,94.68751323152912,9.054131476569385,Desktop
231,Free,419.6350977771915,5.365537612107491,Desktop
232,Basic,175.74251281346514,6.044813609430534,Mobile
233,Pro,1392.8631509919767,6.903663351762418,Desktop
234,Pro,853.9120402026764,9.356480636267998,Desktop
235,Enterprise,2054.2381689356002,8.069651454061344,Desktop
236,Basic,150.33018972719208,6.047931362234632,Desktop
237,Enterprise,1748.6939155616992,7.034538441922645,Desktop
238,Basic,282.14297415654244,6.578515283855558,Desktop
239,Free,213.486472639357,6.435316511649697,Desktop
240,Free,25.83064260675245,8.968334337835168,Desktop
241,Basic,27.10416837253274,5.442385306104741,Desktop
242,Free,588.8460209788519,9.91317128360156,Desktop
243,Basic,306.17913977190955,8.742344535276935,Tablet
244,Basic,128.42878401807567,9.136292505905548,Desktop
245,Free,475.9204929287192,6.805590731962113,Desktop
246,Basic,145.75008823830734,7.275088921381336,Desktop
247,Basic,430.9388627103656,5.350272278212932,Desktop
248,Free,222.5257667094912,6.713006389399796,Mobile
249,Free,867.3651739398308,8.240482271464726,Desktop
250,Free,859.3367431283085,9.444094592672094,Mobile
251,Free,324.42200837088956,5.839264774796322,Desktop
252,Pro,216.0219394899083,6.951741094522101,Desktop
253,Free,225.14740243649118,7.273051169651216,Mobile
254,Basic,819.2133421825596,5.4063161967112725,Desktop
255,Free,198.88203081482578,8.3870238626376,Desktop
256,Free,117.26618780401753,6.414014502386086,Desktop
257,Pro,44.245330864340744,7.206914473234464,Mobile
258,Basic,314.3291311554214,6.822075942132184,Desktop
259,Free,329.01754323242324,6.3159922414204885,Mobile
260,Free,919.1385465563266,7.489432521779168,Desktop
261,Free,125.02534699439354,7.176585632147966,Mobile
262,Free,239.81795446533664,6.942213176582001,Desktop
263,Basic,826.1876831831261,6.407307567479486,Mobile
264,Free,867.5674960755782,7.979287006174433,Desktop
265,Free,242.75040713585489,9.980425902738428,Mobile
266,Free,307.28263731820925,7.709830849258691,Desktop
267,Pro,180.69006287531843,8.994177322366694,Desktop
268,Enterprise,1348.2205126989522,5.414667112269806,Desktop
269,Free,63.14669130403347,7.736642158940654,Desktop
270,Basic,1357.1555523709792,5.8539475215434,Desktop
271,Free,575.7952669500004,5.284612608702147,Mobile
272,Free,379.18659851665666,6.390942888811446,Tablet
273,Basic,16.602135752814146,9.287849001620359,Desktop
274,Pro,322.7466325735994,8.925023743004468,Mobile
275,Enterprise,261.91161814533484,7.8645070830816,Desktop
276,Basic,87.90270372663538,5.200949160165104,Desktop
277,Free,534.152519457652,7.205579022918095,Mobile
278,Basic,1772.838368881519,7.952550013352603,Mobile
279,Free,412.98376851761174,7.763304344367897,Tablet
280,Basic,627.2003882624176,4.734309624778882,Desktop
281,Free,35.452949668158546,6.164523227970192,Mobile
282,Basic,270.3564113715076,7.403883353776925,Desktop
283,Free,61.85191239833109,8.304436364275785,Desktop
284,Free,474.40158415414646,4.20580826835008,Desktop
285,Pro,1394.2140179522912,7.256814036780212,Tablet
286,Free,542.0260016915132,7.714573154818429,Mobile
287,Basic,39.95634256706158,8.77441798277432,Mobile
288,Free,218.99379219915144,8.539286376356156,Desktop
289,Free,399.9914802101498,8.373856978213208,Desktop
290,Free,258.0931131894337,6.3000892399470985,Desktop
291,Free,896.8126358031534,4.637996794315039,Desktop
292,Pro,842.8113401910903,6.910420864407898,Desktop
293,Free,473.15725948509913,9.00244773781284,Mobile
294,Enterprise,233.7696901076391,9.590181791286646,Desktop
295,Basic,147.41133548511468,8.565823653446678,Desktop
296,Free,55.9544650176805,8.144011234202601,Desktop
297,Basic,219.1731722567041,8.069459472578949,Desktop
298,Basic,266.5121993928499,6.665821879858829,Desktop
299,Basic,563.2326925124914,7.30490955966957,Mobile
300,Free,536.7059868281257,10.0,Mobile
301,Free,36.34348938996557,6.086162991312186,Mobile
302,Pro,251.47776669135357,9.922168186064777,Desktop
303,Pro,100.3113227188961,7.016957768261912,Desktop
304,Pro,85.28308464195052,9.488148163642618,Desktop
305,Free,878.1058708598181,5.389777485753693,Mobile
306,Basic,21.40950231550728,8.378856301746973,Mobile
307,Free,271.65966613329323,6.3948447960785675,Desktop
308,Free,92.08382334480892,5.377099212113719,Desktop
309,Free,1057.3487596197597,7.827801063616419,Desktop
310,Basic,407.138482603557,9.014207682893954,Mobile
311,Free,131.57970390004058,6.232587842109755,Mobile
312,Free,349.0067883069041,5.251476059312398,Desktop
313,Pro,657.4267822364975,7.362232853497567,Desktop
314,Free,1586.4496757970012,7.368847006834228,Desktop
315,Free,124.51666157664187,8.322479441331748,Desktop
316,Free,1086.5762977530828,8.924391857046732,Desktop
317,Pro,1361.3594879810319,7.410877228091259,Desktop
318,Basic,1240.9787685418448,10.0,Mobile
319,Free,504.49689726700785,7.836352116802938,Mobile
320,Pro,496.88383651876575,6.980360240989651,Desktop
321,Pro,258.09552362416633,5.082648961345758,Mobile
322,Free,697.9660926578272,7.106010719525749,Desktop
323,Basic,378.88980596113254,6.995419581883295,Desktop
324,Basic,565.7300669910428,8.940457194422205,Desktop
325,Basic,279.70856970137055,8.193725436100282,Desktop
326,Free,657.445597910318,5.730946317551075,Desktop
327,Pro,869.9769781963522,7.7583815796165565,Desktop
328,Basic,79.16752741484376,8.50729675759358,Desktop
329,Free,894.6703451395797,9.79204703908175,Tablet
330,Free,388.58681584589766,8.83125595112109,Desktop
331,Free,931.0885282174669,8.641269981467216,Desktop
332,Free,282.2026125488418,7.590128991922746,Desktop
333,Basic,238.24469651369424,8.082468008135175,Mobile
334,Free,1232.9093890356794,9.374257351059239,Desktop
335,Free,144.62115619560123,5.500833903780525,Mobile
336,Basic,929.6306291709906,6.975841009174566,Desktop
337,Free,330.84419174982185,6.341146876865639,Desktop
338,Enterprise,360.8715291089026,8.068729678089186,Desktop
339,Free,184.42312989449155,9.345333263476181,Desktop
340,Free,425.5350505635326,6.60453856991839,Desktop
341,Free,196.67776021999342,3.9145434487958433,Desktop
342,Free,20.030628561363372,6.881668882463295,Desktop
343,Free,158.72615752575572,8.87021059802611,Desktop
344,Basic,3.1997382229143656,8.30644485442482,Desktop
345,Enterprise,1916.485480076762,8.142279371715864,Tablet
346,Free,1686.9936262375718,7.0800100471882805,Desktop
347,Basic,251.39177196934486,5.58145389567032,Mobile
348,Basic,651.6587890408427,8.272941482436702,Mobile
349,Pro,212.17574292857034,6.2485772849480625,Desktop
350,Free,555.990360274469,10.0,Desktop
351,Free,818.4817523676712,8.355760812531773,Desktop
352,Free,1466.437376242599,6.629027546169073,Mobile
353,Basic,255.58973972415765,6.582922128917057,Mobile
354,Pro,764.6160312407585,7.3605836900796175,Mobile
355,Free,154.57438820776304,7.1407471169673755,Mobile
356,Free,2319.4826196147937,9.175250663294932,Mobile
357,Pro,13.053725868436596,7.77962425461607,Desktop
358,Pro,462.57594625197277,6.402552391637208,Desktop
359,Enterprise,538.6788604024059,10.0,Mobile
360,Basic,582.4490590486503,7.573962497280334,Desktop
361,Free,64.13694948500309,8.653259513953346,Desktop
362,Basic,1394.6012527945163,6.587660238832861,Mobile
363,Basic,99.94750205818286,8.044673441616785,Desktop
364,Free,487.42810127701887,7.966664986714793,Mobile
365,Basic,125.94906445104131,4.66552606185577,Mobile
366,Basic,183.51880931945868,10.0,Desktop
367,Free,395.3342975723864,9.43596669138382,Mobile
368,Basic,269.9499559696459,6.904207025781019,Desktop
369,Basic,87.3109979039669,5.846595389316217,Desktop
370,Enterprise,93.7292053855441,8.021342420705327,Desktop
371,Free,270.76681955641766,7.6300465491215945,Desktop
372,Free,707.9295169368647,8.033503422844845,Desktop
373,Basic,1141.2179631090614,7.7873660942911345,Desktop
374,Free,43.9391466498047,8.25936148395889,Desktop
375,Basic,249.6988423583337,9.67095854908771,Desktop
376,Basic,52.81670073437333,8.352154807692969,Mobile
377,Free,8.365838868808263,5.925516751635088,Mobile
378,Basic,541.9387148993197,9.543844279068677,Desktop
379,Basic,461.2165814772763,9.96092184523243,Desktop
380,Free,88.97702242621857,10.0,Desktop
381,Pro,133.16439793397282,5.814758950140603,Desktop
382,Pro,11.996652324404327,7.864323019725412,Mobile
383,Basic,900.7449453855672,4.376851945216519,Mobile
384,Basic,1838.2896273127105,8.329723734568814,Desktop
385,Free,72.77858481349543,6.677699552749841,Desktop
386,Pro,131.64123188918737,10.0,Desktop
387,Basic,1014.0303165636086,6.338077544972127,Mobile
388,Basic,1304.9887246049577,4.966225443049107,Desktop
389,Pro,272.04246914178964,6.793104388946221,Tablet
390,Free,25.974371557295004,4.536768343174294,Mobile
391,Pro,20.094344265427083,8.626649181760966,Desktop
392,Free,426.5991271765617,4.402375430615519,Desktop
393,Free,249.52685018443054,7.542686371774738,Mobile
394,Free,14.53546083980355,4.383282270215705,Desktop
395,Enterprise,437.6372488848828,7.019553293195037,Desktop
396,Pro,5.683447831209117,9.965067233706801,Desktop
397,Basic,774.1054610960923,8.040971837153693,Mobile
398,Basic,182.95358843611612,6.204759592552599,Mobile
399,Basic,20.545391887733707,7.453194766591374,Mobile
400,Pro,443.79360028573404,7.52702530806667,Mobile
401,Free,253.48687125828056,8.208945518765109,Mobile
402,Free,1821.0058226649917,5.44971245507876,Mobile
403,Free,392.8491138909639,8.388850910770996,Desktop
404,Basic,160.95679171834024,3.443412552595837,Desktop
405,Basic,617.9706380335598,6.5551731714542845,Mobile
406,Free,158.3783377143509,6.767589236322683,Mobile
407,Free,1172.97229487358,8.449990239106858,Mobile
408,Pro,234.7794404863573,7.533946279015304,Desktop
409,Free,399.1078280730405,5.39165541921557,Mobile
410,Basic,25.948371804906174,6.022510311274477,Mobile
411,Enterprise,277.6685604582263,7.798020014321111,Desktop
412,Free,892.9787854022801,7.381398987203165,Desktop
413,Free,819.0442374357614,6.63131383554638,Desktop
414,Basic,127.0066785346775,6.778749315732031,Desktop
415,Pro,128.1427847696821,8.544251995738934,Desktop
416,Basic,849.9694460871767,6.723461140696178,Desktop
417,Enterprise,1332.4840065913936,7.36786313395639,Desktop
418,Free,50.109611431876715,10.0,Mobile
419,Basic,298.9718117891115,5.364476044674115,Mobile
420,Basic,205.83285530942834,4.722235902638012,Mobile
421,Pro,1022.7653561256953,8.67538449719791,Desktop
422,Free,43.61019833273402,6.482035408058845,Desktop
423,Pro,118.57429694568054,7.022643708386069,Mobile
424,Basic,698.1083881060721,6.328265432803329,Desktop
425,Free,26.328084487687505,7.110299788848732,Tablet
426,Free,339.1641430948137,9.897807168144512,Mobile
427,Pro,291.79407671138495,8.70319268792718,Desktop
428,Free,203.53408039696876,8.793335267830466,Tablet
429,Free,250.91007693553885,5.375659416311032,Desktop
430,Free,377.44809074023226,5.773269395170696,Desktop
431,Pro,87.99126053415917,3.2413820107718596,Mobile
432,Basic,424.3112266340943,6.285928768375869,Desktop
433,Basic,818.487627548699,8.935054779578488,Mobile
434,Free,713.89356067275,8.275419773622556,Desktop
435,Basic,83.55880520494449,7.167730105571814,Desktop
436,Basic,80.8181711588561,7.46654957442292,Desktop
437,Pro,156.10650034924265,6.466671686136891,Mobile
438,Pro,223.98388703682798,7.807138323602676,Desktop
439,Free,262.509251776947,8.648817419220922,Desktop
440,Basic,569.2442665775757,5.07616981888429,Mobile
441,Free,29.17508476068961,7.949471531756022,Desktop
442,Basic,17.64403427101483,8.898652306432002,Mobile
443,Free,248.71665370648694,6.877349566554946,Desktop
444,Free,597.2814287665406,8.551050918180875,Mobile
445,Free,107.48560735327194,10.0,Mobile
446,Basic,512.9195595190131,7.343485810519662,Desktop
447,Free,150.43643686111642,8.089960575007986,Desktop
448,Basic,1086.1562282352138,6.392914374507913,Mobile
449,Free,1130.1937549945612,7.771876743903076,Desktop
450,Free,176.4035057938895,8.190407437473455,Tablet
451,Basic,130.6783262156281,7.792263510405207,Desktop
452,Free,264.9226550765014,5.970457020436715,Desktop
453,Free,137.56827230918526,7.809542656988176,Desktop
454,Basic,557.956304908971,9.693293908076456,Tablet
455,Free,874.5358995806877,8.172953646771791,Desktop
456,Free,559.0384468442902,8.942980783607762,Mobile
457,Free,869.6322232632999,7.144482044981059,Mobile
458,Pro,252.91254217093473,8.624850359135566,Desktop
459,Basic,84.98920631877976,7.918901757324789,Desktop
460,Basic,669.6117845359463,6.073633905469152,Mobile
461,Basic,223.51439594779686,7.977781507198312,Desktop
462,Free,556.2605221006178,6.012455004839534,Mobile
463,Free,157.79662321674778,6.550679587672812,Desktop
464,Basic,42.35953125196913,7.783992460938562,Desktop
465,Free,2451.9091152837705,7.945866410070186,Mobile
466,Free,84.92078318230081,5.716151302384306,Desktop
467,Free,2229.280822509389,9.080978656774315,Desktop
468,Free,1892.2533585537517,8.35800941745071,Desktop
469,Enterprise,789.4982545309381,6.442907346583674,Desktop
470,Free,538.5569647955132,5.193622805326237,Desktop
471,Basic,431.1464212746629,7.282643131377853,Mobile
472,Free,1005.3367838174587,6.83108442920826,Desktop
473,Enterprise,170.85060709710604,7.669710685579534,Desktop
474,Free,315.25637222570447,6.95532500826665,Mobile
475,Free,482.98998483812755,4.488814708882485,Desktop
476,Basic,264.82626810245046,6.917479592548262,Desktop
477,Basic,278.8594414279805,7.04157133339753,Mobile
478,Free,200.45126687582965,8.450491537161088,Mobile
479,Free,415.32243333679713,6.452700488083425,Desktop
480,Free,950.4787628013319,10.0,Mobile
481,Free,112.52792555119295,4.632539174022364,Desktop
482,Free,1362.3416747176257,9.466751246703936,Mobile
483,Free,584.12212568912,7.163521543682843,Desktop
484,Free,866.5751567050783,8.789377308515334,Desktop
485,Free,406.1801483558453,7.6197022260880996,Desktop
486,Basic,755.9666651918515,9.209333304038203,Desktop
487,Enterprise,8.16652925167032,6.918957053170783,Desktop
488,Basic,852.9205127799828,5.852069362233282,Tablet
489,Free,20.483324931462434,9.630756430906594,Desktop
490,Free,1103.2438677425305,7.3297790311767885,Desktop
491,Enterprise,2411.8339752657153,7.832337710436316,Desktop
492,Free,174.11780077289924,9.352127871067193,Desktop
493,Free,118.0628253236455,5.952067136858348,Mobile
494,Basic,724.8585953335793,8.393236346458886,Desktop
495,Basic,145.86267837357858,6.6151578653056635,Desktop
496,Basic,1003.3275014712985,7.301745966533442,Desktop
497,Free,54.26197488699128,7.608418448076433,Mobile
498,Free,67.31182095832186,5.249667207829596,Desktop
499,Enterprise,1935.2379593401783,6.331744435769348,Desktop
500,Free,560.1819212974186,9.526609338619709,Desktop
501,Basic,938.2902669376879,8.829286782877194,Desktop
502,Basic,196.02478314211717,7.406040634009147,Desktop
503,Basic,564.2529664908359,7.864685187769339,Mobile
504,Free,450.9989653028421,7.058636241545313,Mobile
505,Free,462.09860306817893,9.534875078741972,Mobile
506,Basic,573.6898503200989,7.199471133308754,Desktop
507,Pro,428.25579030609094,7.847763138202272,Desktop
508,Pro,280.2376517463886,9.219045216213097,Desktop
509,Free,161.42855828953256,6.33394277273114,Tablet
510,Free,731.7633943115004,9.83818377674534,Desktop
511,Pro,128.2677220495336,5.204307885384935,Mobile
512,Basic,589.4032514100096,9.944463196669197,Desktop
513,Pro,132.85124981182682,6.940986624072038,Desktop
514,Free,490.85504702509564,7.135951878262078,Desktop
515,Basic,687.3375971781753,4.6649847432255855,Desktop
516,Basic,123.40692840005445,6.817807923933461,Mobile
517,Basic,30.907543652254077,5.940290203459673,Tablet
518,Free,70.19096948831864,6.588530481939791,Desktop
519,Free,465.69833621608296,7.294033551316681,Desktop
520,Basic,946.7180766855441,8.936687421709358,Mobile
521,Free,23.020304978826278,7.811405027100939,Mobile
522,Free,662.4138874764507,7.961514980101671,Desktop
523,Enterprise,208.75769546610866,5.856720916731657,Desktop
524,Free,325.5502033168879,6.178868865595905,Desktop
525,Pro,1321.5495923778767,10.0,Desktop
526,Free,201.71222438711519,6.39719844785513,Desktop
527,Basic,313.0592567736234,9.984312378085944,Desktop
528,Enterprise,6.888440838807922,7.1354082016787,Desktop
529,Free,42.56042984742579,7.503431904215256,Desktop
530,Free,149.6018232280249,9.105547740344894,Desktop
531,Free,14.123735229361166,9.407838632907985,Mobile
532,Free,498.9881481727823,7.333781159581369,Mobile
533,Basic,277.91006249478596,6.9176354197176915,Desktop
534,Pro,397.19719786681287,7.4161193272166805,Mobile
535,Free,95.9721653030698,8.006936292348177,Mobile
536,Free,175.44018919447143,8.836955530304634,Desktop
537,Free,545.060929574356,7.506344788491227,Desktop
538,Basic,1680.5470429497534,8.42832944703473,Mobile
539,Free,25.866049851739884,9.957539598406411,Mobile
540,Basic,1105.3874284050592,8.071964418397178,Tablet
541,Basic,430.05114570110993,7.967479284007167,Mobile
542,Basic,414.96428636456807,5.221633762364898,Mobile
543,Free,346.85220309841935,3.553904794756405,Desktop
544,Basic,35.959692224530635,8.082563593845252,Desktop
545,Free,47.08768043237807,7.357763653078692,Desktop
546,Free,459.2866746058765,6.727825987627887,Desktop
547,Pro,208.48444032609999,7.865295306279517,Mobile
548,Basic,1246.0748078922747,7.409394406204638,Desktop
549,Free,260.9353123868731,9.191670375950848,Mobile
550,Free,77.32291877534686,7.629166302388467,Desktop
551,Free,627.1400179587881,6.379615072394749,Desktop
552,Free,173.61231347784894,8.985249358438933,Desktop
553,Free,372.71554309504273,7.1743033875806965,Desktop
554,Free,598.3873622284978,8.28980502550846,Mobile
555,Free,1152.6148494521472,6.783883940710799,Mobile
556,Basic,785.568413893404,6.525259671753846,Tablet
557,Basic,564.0633958087998,7.6262523452785445,Desktop
558,Basic,569.1443173395631,7.519242965315527,Desktop
559,Free,1458.6883621545694,8.219740553050249,Desktop
560,Enterprise,175.36354626184047,7.097031370035387,Desktop
561,Pro,0.5563565158914324,4.745460324344404,Mobile
562,Pro,158.69590716216558,6.850839174617417,Mobile
563,Pro,122.88082367478782,8.690727700715723,Mobile
564,Pro,542.1100550295199,7.05393588113534,Desktop
565,Basic,502.1671385451763,7.1304248962281775,Mobile
566,Free,450.0381775050319,8.979564758858906,Desktop
567,Basic,8.188407087170258,6.432040159111616,Mobile
568,Basic,652.4089030112638,5.18579517263565,Desktop
569,Basic,195.43389400724234,7.259053320711758,Desktop
570,Basic,546.8959462440755,6.773739073126895,Desktop
571,Free,406.61716639259396,6.0506305203701185,Mobile
572,Free,209.83089700116713,7.236932316151964,Desktop
573,Pro,72.2680136876162,8.237258470870175,Desktop
574,Basic,49.58921965445033,7.486067157648276,Mobile
575,Basic,890.4641684810151,7.960471609029357,Desktop
576,Free,1252.947947958093,10.0,Desktop
577,Free,524.6083635576149,6.9856817076636535,Desktop
578,Pro,54.59174856321205,7.917522951967005,Desktop
579,Basic,257.10501962915,6.7361799561012985,Mobile
580,Basic,652.7060647052451,6.230460420169541,Mobile
581,Free,756.6569501452846,6.6226385198733455,Desktop
582,Basic,62.90556238939529,6.7818621427174675,Tablet
583,Free,0.015359658607904747,8.039213696320688,Desktop
584,Basic,622.6353829263091,10.0,Desktop
585,Free,220.49136037394086,6.425934845586239,Desktop
586,Free,146.8375518333385,6.875062041576806,Desktop
587,Basic,6.490682142417693,7.405315480333128,Desktop
588,Pro,388.5899428401247,8.093698273064621,Mobile
589,Free,952.4105661256394,7.895326217932178,Mobile
590,Pro,1580.676784886862,9.426143690922176,Desktop
591,Free,417.0616230474973,3.8604118941971874,Desktop
592,Free,361.2481699611379,3.9196051947064907,Mobile
593,Free,44.44641954546506,6.756182741984776,Mobile
594,Free,398.00297137668184,9.145950281315564,Mobile
595,Basic,239.0010289540501,5.151527952591605,Desktop
596,Free,467.14497626958234,2.988551490459364,Mobile
597,Free,246.10527213058944,8.356769109328813,Desktop
598,Pro,137.4152533316974,7.865485835554072,Desktop
599,Free,49.89098305246055,5.864687389800856,Desktop
600,Basic,189.10869440627926,6.021690598918605,Desktop
601,Free,50.81974269170652,6.045384420547988,Desktop
602,Basic,97.33693725394515,7.665802976210911,Desktop
603,Free,2184.502239277945,6.560527085725489,Desktop
604,Free,293.58662775402445,8.24109587846328,Mobile
605,Free,379.50650870105034,3.218060005643413,Desktop
606,Free,1034.225198062674,6.214722202308301,Desktop
607,Free,2709.5537647438405,5.8109190586334245,Desktop
608,Basic,436.99225889007124,7.115488982441262,Tablet
609,Pro,836.9184111100193,6.692928362264793,Desktop
610,Pro,197.96116108814928,8.69676566984365,Desktop
611,Basic,182.4572245600824,4.710994842509914,Desktop
612,Free,257.6710044772461,7.568237214496128,Mobile
613,Free,558.1447001277346,8.337504634817558,Tablet
614,Free,573.1534371782179,10.0,Desktop
615,Free,189.34302072868178,6.777351043359787,Desktop
616,Basic,71.47922927547222,7.9866879065287755,Mobile
617,Basic,500.3748524175631,4.794205811156452,Desktop
618,Free,68.66981004259968,3.9120656935304643,Mobile
619,Free,431.95886381389624,8.76716156367255,Desktop
620,Pro,591.1417437719913,7.4916595595278945,Desktop
621,Basic,603.0066029224481,9.267769034697634,Desktop
622,Free,700.1400752795063,5.439895666545376,Desktop
623,Pro,1031.2309439492242,8.27985320929313,Mobile
624,Enterprise,346.5325839263281,10.0,Mobile
625,Free,655.1283351620554,8.129558412535898,Desktop
626,Free,482.70469016198143,7.914872258386573,Mobile
627,Basic,103.29069449920912,7.512834121236525,Desktop
628,Pro,13.012693165001155,5.143677814311132,Desktop
629,Pro,167.41576163774036,9.533359403565523,Desktop
630,Free,292.62527747851664,6.583713540292401,Mobile
631,Free,479.9984726871559,8.256724884574526,Mobile
632,Basic,948.4244458281704,5.155448540143119,Mobile
633,Basic,109.23083715377213,5.730810503238329,Mobile
634,Free,67.07996070995723,9.652631098833353,Mobile
635,Pro,1654.9468924924888,6.979046566563236,Tablet
636,Basic,57.169551053874336,9.679913214063816,Mobile
637,Pro,325.5144406058838,7.382654011412224,Mobile
638,Pro,440.41803241197067,4.737153340563214,Desktop
639,Basic,389.76056681816294,8.83810139959758,Desktop
640,Free,44.97994544815265,6.615161523366588,Desktop
641,Basic,29.358768793481183,8.548033220275565,Desktop
642,Free,55.735924525655754,7.537816301310123,Desktop
643,Basic,440.44693404694164,5.185322658085695,Desktop
644,Free,393.0095440814525,7.746442148055854,Mobile
645,Basic,133.11738744306479,10.0,Desktop
646,Free,507.743672079194,8.23947968777169,Desktop
647,Free,857.5867549232842,7.413723370491805,Desktop
648,Free,21.234049223217102,9.113015102935346,Tablet
649,Free,344.70702224380824,7.816002697804667,Desktop
650,Basic,584.4804874504961,7.814301345394192,Desktop
651,Basic,145.38470139077936,5.862562241761346,Mobile
652,Basic,183.91915821910132,7.850772038684397,Mobile
653,Free,475.4901370388995,9.053165124625417,Desktop
654,Free,1141.0741444139767,6.245906771849963,Desktop
655,Free,830.1667490193986,9.636743731870421,Desktop
656,Free,437.49069098491515,7.362440963782311,Tablet
657,Pro,655.0774171064459,6.168345732692189,Desktop
658,Free,226.92537234359955,8.996448115380367,Desktop
659,Free,512.1684365473224,7.069808646392596,Desktop
660,Free,313.8497780730898,8.639272331229161,Desktop
661,Free,105.32109527205674,7.062362051612194,Mobile
662,Basic,604.8919511776899,7.4102607847051445,Desktop
663,Basic,406.48887250415976,8.240340306501437,Desktop
664,Free,222.06782024312565,7.936345586385009,Desktop
665,Free,1211.4686572842845,4.506702329322392,Desktop
666,Free,10.578171669846347,5.818134389858413,Desktop
667,Free,189.73288306166458,8.894114977186224,Mobile
668,Free,29.281616538810592,7.301795116647679,Mobile
669,Enterprise,727.3450973382178,6.714403045842867,Mobile
670,Basic,605.511220888673,5.4621389771137885,Mobile
671,Basic,201.24892145078502,5.880395518086227,Mobile
672,Free,562.9859393851314,4.467302040057079,Desktop
673,Free,252.0385781542645,7.3480789219477005,Mobile
674,Basic,705.8138618893653,6.60234362912843,Mobile
675,Basic,302.7363692319362,6.050118163522027,Mobile
676,Basic,265.75208594133085,7.397814862248071,Desktop
677,Free,1364.6107357671353,8.045955946279108,Desktop
678,Basic,144.42744656237738,10.0,Mobile
679,Free,64.17092083205719,5.23217487065518,Mobile
680,Pro,439.18821621381005,9.239071564950784,Tablet
681,Basic,1742.101687384098,8.959652341522608,Desktop
682,Basic,237.27836040856707,6.331360890934949,Desktop
683,Free,32.02226218904918,7.804853931879046,Desktop
684,Basic,207.23168614733038,6.813550125993578,Mobile
685,Free,352.54070989203524,7.7785328706281085,Desktop
686,Free,88.32265259667211,9.763696520106826,Desktop
687,Free,536.6217349000682,8.40840934894697,Tablet
688,Basic,3048.2767743035797,8.262912559850163,Desktop
689,Free,300.50234810604627,6.8545360200680365,Mobile
690,Free,219.0421042184496,5.2739150026134975,Desktop
691,Pro,255.99996218896064,7.187297684189388,Mobile
692,Free,61.16641047236742,9.309912232295872,Desktop
693,Basic,1073.9612782062925,5.209248215115529,Mobile
694,Free,267.9227257005046,5.917365947734957,Mobile
695,Free,244.9190482470711,7.689401604351103,Desktop
696,Basic,538.9495570383879,6.0230178227291065,Desktop
697,Free,291.7281062681751,6.311214829327181,Desktop
698,Free,522.3937935496715,6.864602127407735,Mobile
699,Basic,31.707597555369553,5.451573893714776,Mobile
700,Basic,840.2611555044056,6.0388172306754475,Desktop
701,Basic,1410.9227017926974,8.555141875180963,Mobile
702,Free,523.150431653046,5.538945326653554,Desktop
703,Free,1545.7464948642112,5.103191798257743,Mobile
704,Basic,82.1027132820909,6.554962530699158,Tablet
705,Basic,324.484952548964,8.597933253764769,Desktop
706,Pro,460.40889922899225,7.204617288004665,Desktop
707,Pro,435.8220073750816,6.803128382826572,Desktop
708,Pro,256.63244742597885,7.56653819627341,Desktop
709,Free,206.30861888517344,4.881438850710522,Desktop
710,Free,67.80908281102242,8.242058480662548,Desktop
711,Basic,248.57844283034058,8.075152547105466,Desktop
712,Free,88.7630258785696,6.886037288856418,Desktop
713,Free,662.817319827433,9.008886767694625,Desktop
714,Pro,117.1217994501808,5.808755851570442,Desktop
715,Pro,30.175148155967108,9.191863489880355,Desktop
716,Free,401.8898263146922,7.731740498392877,Mobile
717,Free,452.2178070501361,6.99517111518274,Mobile
718,Free,1027.5230184371687,7.470189546947533,Desktop
719,Pro,430.1698157094419,7.339102851283587,Desktop
720,Pro,211.9272203863632,9.330424344626575,Mobile
721,Free,812.3059321896786,5.8849813087934795,Tablet
722,Free,388.56763145234595,6.356221141280103,Desktop
723,Pro,41.29980773087193,9.05445433810872,Desktop
724,Free,417.18323653730175,6.606697597224211,Desktop
725,Basic,1193.084151461727,8.850799615997387,Desktop
726,Enterprise,252.3494034643559,10.0,Desktop
727,Free,175.71990836621987,6.89730745958755,Desktop
728,Basic,77.43265081481421,8.522043489862957,Mobile
729,Free,82.11049561248339,5.769461577990212,Desktop
730,Free,283.49651529765896,8.632099947101715,Desktop
731,Pro,452.7741002215417,7.799135978980151,Desktop
732,Free,42.025375713785024,8.209557423240323,Desktop
733,Enterprise,1403.1231299839462,6.531641891946908,Desktop
734,Basic,703.5212972685244,5.008374876649241,Desktop
735,Free,441.69874544586935,8.254878097124257,Mobile
736,Free,881.4072362234402,4.404895271280818,Desktop
737,Free,41.79231304027108,7.023974261636198,Mobile
738,Free,323.93289459699315,8.911772799629954,Mobile
739,Free,497.2519996224426,7.787846603809554,Desktop
740,Free,882.031995467712,10.0,Desktop
741,Free,765.0120705942749,9.03766372887266,Desktop
742,Basic,162.2209212401905,6.519152417511635,Mobile
743,Basic,1414.0944351988985,7.540970069777158,Mobile
744,Basic,66.39203107611318,7.428943946183346,Mobile
745,Free,1040.2555311912374,5.126734854980809,Desktop
746,Free,1769.200605080883,6.08940162527347,Mobile
747,Basic,97.49281834062134,6.65885863953021,Desktop
748,Free,640.1859172767059,4.445669245716095,Desktop
749,Free,20.559727075366542,7.5712402023774645,Desktop
750,Pro,259.9523782700057,7.126392233020439,Desktop
751,Basic,363.127936279084,4.9906591480326385,Mobile
752,Basic,434.5190005579129,8.106319297915999,Desktop
753,Free,1373.9460899392739,8.57380911703644,Desktop
754,Basic,557.7531266739928,7.840551718297333,Desktop
755,Basic,328.1935453786589,7.013897737186545,Mobile
756,Basic,829.5111661685224,8.387163227627783,Mobile
757,Basic,1503.222939453051,8.520330540715037,Desktop
758,Pro,11.15662396212134,7.961105354579533,Desktop
759,Basic,2023.3853474649188,6.263081624347858,Desktop
760,Free,45.034645129652105,7.914901148266771,Mobile
761,Basic,842.0451143894019,9.293220976238219,Desktop
762,Basic,164.48455459329534,6.605056412082405,Desktop
763,Basic,70.88528236200342,10.0,Desktop
764,Free,289.7803711244036,6.711553599021923,Desktop
765,Free,516.3512938618986,7.548610520010205,Mobile
766,Pro,239.7861072654757,6.491271605990496,Desktop
767,Basic,28.055285894074267,7.8349062538803915,Desktop
768,Pro,457.47224380726817,4.886667461047088,Desktop
769,Basic,1163.4556764170989,6.680937301774918,Desktop
770,Basic,241.61768470458904,5.861818199477149,Mobile
771,Basic,121.88540500236044,7.703007521838436,Desktop
772,Pro,292.2157611859826,8.991671063263361,Mobile
773,Basic,24.785657895075932,8.469009280671827,Mobile
774,Basic,858.7554531024689,3.9425109587116616,Desktop
775,Free,875.3302920593065,10.0,Desktop
776,Free,443.3665272312192,7.942919910931303,Desktop
777,Basic,217.78401088064513,6.3352512892604995,Mobile
778,Free,804.1776604383907,7.735691878486412,Desktop
779,Free,404.48896447186206,7.764284733754039,Desktop
780,Free,874.1555120494631,6.499726924572655,Desktop
781,Free,499.10137443194037,7.796875001013113,Mobile
782,Free,767.1779131143475,6.588791568569539,Desktop
783,Free,456.3523262969475,6.8934570109649655,Desktop
784,Pro,267.3381245644393,6.4705812963673734,Desktop
785,Basic,1584.398720715974,5.35099306539052,Desktop
786,Free,389.4765420801646,7.718754705323076,Mobile
787,Free,464.5480844909248,8.377949154774507,Desktop
788,Basic,124.54336677053621,8.272325394114558,Mobile
789,Free,491.2830995511572,8.729887878952852,Mobile
790,Pro,423.85789825193626,7.9865103150223025,Desktop
791,Basic,102.18445033475797,6.700911752674645,Mobile
792,Basic,30.718121014373278,8.759495796646783,Desktop
793,Free,463.62442632842107,5.463723690237098,Desktop
794,Basic,721.3101899608106,6.14899292623128,Mobile
795,Free,370.5402953920459,6.053699892865133,Desktop
796,Pro,128.591063938457,9.120084088708966,Mobile
797,Basic,549.0891564641547,8.914182771210113,Desktop
798,Free,41.74826788535746,8.230957855567492,Mobile
799,Free,291.54917046590197,9.107894797817696,Desktop
800,Free,89.1847432997235,6.181075826382018,Desktop
801,Basic,101.95182244455602,8.02289267979147,Desktop
802,Free,113.00755336683302,7.312238357425254,Mobile
803,Basic,244.456286545864,8.77032315582737,Mobile
804,Free,26.25238534351172,7.327163651171704,Desktop
805,Basic,253.57738557287962,6.922585667384878,Mobile
806,Pro,358.4202795680433,8.311362777841484,Desktop
807,Basic,330.1408915541284,8.814253750786849,Desktop
808,Basic,241.26819898719316,6.497482207729798,Mobile
809,Free,913.6309689945741,7.408386492971436,Mobile
810,Free,78.51798973052821,5.912339049537521,Mobile
811,Basic,352.30303557788415,3.752908473760591,Mobile
812,Free,32.02474274432853,7.800689447120593,Desktop
813,Free,36.90706552196081,8.413358034381949,Mobile
814,Free,426.5005377121245,7.893100213630088,Desktop
815,Free,417.3765997207439,4.575657423368449,Desktop
816,Free,1052.004483715477,6.973725854885288,Desktop
817,Pro,408.07981803195736,4.172478359923378,Desktop
818,Free,1606.832467643761,9.554551661481277,Desktop
819,Basic,24.96019672895963,5.870918126822871,Desktop
820,Free,51.5746393341898,9.383105414189846,Desktop
821,Basic,22.533130580002528,8.918804465526218,Desktop
822,Free,102.45345855551027,6.149114471195908,Desktop
823,Pro,389.6468595696304,5.800822573098382,Desktop
824,Pro,518.6252842440848,8.025555324579507,Desktop
825,Free,23.32842856698219,6.233513944225393,Mobile
826,Pro,1459.1161503671442,7.653726963237311,Mobile
827,Enterprise,923.1037408879371,6.775758613789622,Mobile
828,Pro,175.92365228022987,4.82826237830155,Desktop
829,Pro,40.164619899309464,4.154297971313311,Mobile
830,Free,93.09676554186964,7.840026372741896,Desktop
831,Basic,67.87802624741863,6.6576633805040615,Desktop
832,Free,65.78595928071695,6.670365274628802,Desktop
833,Free,365.4885868187863,8.543795758640679,Mobile
834,Enterprise,141.0803002648547,9.260163414948668,Desktop
835,Free,221.69231298440144,7.091182917957286,Desktop
836,Basic,2278.4440461143085,6.989101939635208,Desktop
837,Pro,576.5040094108895,8.250214549670826,Mobile
838,Pro,1487.7753202898803,5.464596645450637,Mobile
839,Enterprise,76.90002775422553,7.834729582121546,Desktop
840,Free,240.74626721351444,8.327828957733232,Desktop
841,Free,404.53924455349437,8.520345312626443,Desktop
842,Free,39.931978681562306,4.594870946246303,Mobile
843,Free,2.0981177611591675,6.357967095286589,Desktop
844,Free,554.9898272229316,6.1826051207648,Mobile
845,Free,513.35913830304,7.64983043161382,Desktop
846,Basic,264.4853013599927,8.221116869651976,Mobile
847,Basic,336.323453271286,9.745065611168972,Desktop
848,Free,268.4504922951864,6.7575517794478905,Desktop
849,Basic,12.148930740427533,6.7536412525361795,Desktop
850,Free,204.26360042939257,9.22450802831812,Desktop
851,Free,97.4495145523542,7.944865407795458,Desktop
852,Basic,51.80557284981379,9.40147726678196,Mobile
853,Basic,1570.0373348319915,7.933092004514754,Desktop
854,Basic,457.345662107091,5.764325071930093,Mobile
855,Free,652.184468947754,5.50030746783329,Mobile
856,Pro,189.43379691203737,5.172731626411606,Desktop
857,Basic,249.73445263356513,8.49307775213771,Mobile
858,Basic,135.19881892232561,9.282895234630512,Mobile
859,Basic,50.99735481909057,10.0,Desktop
860,Pro,98.63535276191764,8.76465799848486,Mobile
861,Basic,798.5423771649214,9.24425786630248,Desktop
862,Basic,565.8970922056745,6.629975501019473,Desktop
863,Enterprise,395.85307958439074,5.765376274884215,Mobile
864,Basic,322.2641087287356,8.77511899862633,Desktop
865,Free,1278.3148745537637,8.126521128359101,Desktop
866,Basic,37.75791477930543,7.6611665615113385,Desktop
867,Free,164.6694390801953,8.081057220949486,Mobile
868,Free,215.34365538578973,7.984778223687309,Mobile
869,Basic,762.6076966689728,9.425725289780342,Desktop
870,Pro,2447.4017579172464,9.442478377225434,Mobile
871,Pro,137.65974568914325,8.316330528510521,Mobile
872,Free,1036.9577557225978,8.768704308844391,Desktop
873,Basic,887.8134324463294,8.271093828637163,Desktop
874,Free,127.22513987642766,6.808245401948072,Mobile
875,Enterprise,254.85693782618824,8.63484701236971,Mobile
876,Enterprise,263.53921845581687,5.408257396711107,Mobile
877,Basic,1913.3969282322005,9.080837328443824,Desktop
878,Pro,99.769607645218,5.708215590350948,Desktop
879,Basic,802.6183029095837,7.928704930192099,Desktop
880,Basic,203.37750546744758,6.2322690623607615,Desktop
881,Free,656.2810147679963,8.33008347461164,Desktop
882,Free,272.37307427260845,7.449112161108137,Mobile
883,Basic,431.8014238904101,5.107866062755002,Desktop
884,Basic,893.7197269513216,8.131049446527719,Mobile
885,Free,815.2428480167739,6.633118834750934,Desktop
886,Pro,1006.5392812131746,8.821720081220054,Desktop
887,Free,30.734192931961086,7.501988533101611,Desktop
888,Basic,588.9098213629113,8.093131478082057,Desktop
889,Basic,75.40410580589976,6.063646567477182,Desktop
890,Basic,268.771836600432,6.616001652858957,Tablet
891,Basic,397.6878752250783,6.812042045848373,Mobile
892,Free,257.70094340727695,8.785053720363834,Desktop
893,Free,366.5802467038247,10.0,Desktop
894,Basic,2831.268751802723,6.292242372385686,Mobile
895,Basic,72.63851666978773,9.11527221698652,Desktop
896,Free,562.6671492511432,4.245483873411446,Desktop
897,Basic,252.09134051239312,5.708715898361566,Desktop
898,Free,71.36380217502092,6.061832315719838,Mobile
899,Basic,86.42533183682656,5.471236965838917,Desktop
900,Pro,1490.649530109417,5.12461741531863,Desktop
901,Free,1058.474088672749,8.119498368206695,Mobile
902,Free,1187.8035374513888,7.178898453408208,Desktop
903,Basic,2385.776274317256,8.069108096407664,Desktop
904,Basic,116.79609309297986,8.53570902918227,Desktop
905,Basic,219.5931687349419,7.8984254897588,Mobile
906,Pro,553.1494222334932,8.486644764225561,Desktop
907,Pro,330.6329560065953,7.395701570636596,Tablet
908,Enterprise,270.97717833508665,5.719509917541383,Mobile
909,Basic,221.4365071763801,9.086721271231195,Desktop
910,Free,450.43097494400035,6.616331800828309,Tablet
911,Free,428.53169423962356,6.096605551856361,Desktop
912,Free,88.0452058209221,7.233123186293403,Desktop
913,Basic,319.0831923278797,6.1307836210552304,Desktop
914,Free,403.1263347435887,6.873854427015852,Desktop
915,Pro,422.31879620659015,8.0160808823452,Desktop
916,Basic,117.92901497912003,8.02251260886919,Desktop
917,Basic,677.9240778292904,6.153254900361556,Desktop
918,Free,12.761014326196362,6.768441940576883,Mobile
919,Free,219.12215353974534,9.111499507155365,Desktop
920,Free,757.5473921632272,8.244600176600912,Tablet
921,Free,414.93373593836117,10.0,Desktop
922,Free,151.33859130711895,9.27019226061229,Desktop
923,Basic,593.6449035572361,9.216439602839909,Desktop
924,Pro,418.9604160774717,5.4181971743162975,Desktop
925,Pro,795.4150813608981,8.645790527450133,Desktop
926,Basic,664.0602498692309,7.420339797454634,Mobile
927,Free,470.9426506615993,6.673527294692626,Mobile
928,Pro,334.8888681300812,7.752023010798792,Tablet
929,Pro,71.4631942376169,8.917817301917225,Desktop
930,Free,151.45404636634512,8.251247386506318,Mobile
931,Basic,271.58787331419074,6.18228929798691,Desktop
932,Free,457.2702409857454,8.61368837038893,Desktop
933,Pro,360.4728573631553,6.543618686886054,Mobile
934,Enterprise,169.96828341644223,7.82502467844643,Mobile
935,Free,3.242671116690151,7.044974898784298,Desktop
936,Pro,342.82688510986776,7.171700622396561,Desktop
937,Basic,168.17431412409147,8.649364462560765,Desktop
938,Enterprise,663.274216899862,5.939709420276153,Mobile
939,Free,12.118819004625182,10.0,Desktop
940,Pro,439.5309661438341,4.768370896058256,Tablet
941,Free,1419.1441185867116,6.603498475117714,Desktop
942,Free,95.82805450842118,8.05531783491261,Desktop
943,Free,318.9976861234839,8.376471249652965,Desktop
944,Enterprise,47.937265009403305,7.349286419142443,Desktop
945,Pro,491.32467053223814,7.413913945497686,Desktop
946,Pro,399.8449535949602,8.115825127991425,Mobile
947,Pro,261.5887341856334,7.15339578381348,Mobile
948,Free,368.4210463478995,9.589771886902358,Mobile
949,Free,1134.452632215441,8.759023671347403,Mobile
950,Free,109.26106223277317,8.809236526508451,Mobile
951,Free,11.411492965000413,6.0507649149443745,Desktop
952,Free,989.0380829046353,7.380917363391446,Mobile
953,Free,430.3299643822846,7.049301076918945,Desktop
954,Free,1106.6394298015023,5.991597936465801,Desktop
955,Free,454.3414021101691,8.040246275918651,Desktop
956,Free,830.789704168021,6.693531363330275,Desktop
957,Free,280.7730177683868,8.483105744775356,Desktop
958,Enterprise,692.8671215841588,5.894712655658502,Tablet
959,Basic,1221.1619524350301,10.0,Desktop
960,Enterprise,424.4597115474032,6.155501012111907,Desktop
961,Free,99.70444905313677,7.828953505800654,Desktop
962,Free,156.53249856366386,8.6877889655821,Desktop
963,Basic,110.72535305364734,6.644039354699831,Desktop
964,Free,141.75009940727594,8.778702965149426,Desktop
965,Free,182.94106395736867,5.656224603299376,Desktop
966,Free,404.9908432038345,9.678176548773841,Desktop
967,Free,443.35580650181873,7.521223897448637,Mobile
968,Free,277.9984508418544,6.60538288804668,Mobile
969,Free,477.8027384912371,7.051227341358849,Desktop
970,Basic,42.54747576855111,8.71337890408908,Desktop
971,Free,45.94155982650752,6.623317062224343,Desktop
972,Free,94.26809002664525,6.3759634658658335,Mobile
973,Pro,364.9859810873943,7.167695103624393,Desktop
974,Free,120.3958582359604,5.734556830845047,Desktop
975,Free,166.53808733135568,10.0,Mobile
976,Pro,255.67357668028373,6.650408113177916,Desktop
977,Free,835.3007316259138,8.747425179270605,Desktop
978,Free,6.979556282118813,7.814205125471659,Desktop
979,Free,524.0244491350255,6.023198924277048,Mobile
980,Free,552.6319775775111,7.491067936180906,Mobile
981,Basic,801.3696500504556,8.676004168966122,Mobile
982,Pro,1349.6909824771476,7.21760799737054,Desktop
983,Free,10.171689702263214,9.289669418776542,Desktop
984,Basic,83.49014240557615,9.032273089172795,Tablet
985,Basic,1086.5302700153757,8.878372281987494,Tablet
986,Free,306.7232461645174,6.810514841590504,Desktop
987,Basic,415.73431524483345,5.880236328327769,Mobile
988,Free,543.8765375510783,6.579618591955809,Desktop
989,Free,568.2608340109487,7.7943614110000805,Desktop
990,Free,1342.21862202735,8.318680070298534,Mobile
991,Free,2896.211347018033,4.242642892859329,Desktop
992,Free,636.764097232243,7.487830197582374,Mobile
993,Pro,169.29207902268365,7.737133837984777,Desktop
994,Free,1059.1011738477791,7.083683615526673,Desktop
995,Free,25.236770260244764,9.436910758523819,Mobile
996,Free,131.3847276415242,8.132670111376306,Mobile
997,Basic,1138.3890749635236,9.465287862121345,Desktop
998,Basic,147.98584458301167,7.176059219474651,Desktop
999,Basic,124.6481998352206,8.906216238760388,Mobile
